Company,Location,JobUrl,Job title
Hireginie Talent Cloud Pvt Ltd,"Mumbai, Maharashtra",https://in.indeed.com/company/Hireginie-Talent-Cloud-Pvt-Ltd/jobs/Data-Analyst-c8f8f0f71e2d5044?fccid=2399a832425751df&vjs=3,Data Analyst
PIPETECH SERVICES PVT LTD,"Mumbai, Maharashtra",https://in.indeed.com/company/PIPETECH-SERVICES-PVT-LTD/jobs/Data-Analyst-9019b52ba0a4618f?fccid=8a52fbffd52238d1&vjs=3,Data Analyst
Recruit Assist,"Mumbai, Maharashtra",https://in.indeed.com/company/CA-Firm---Rourkela/jobs/Data-Research-Analyst-71ad0485f80833d4?fccid=a74fa4f2572c6e83&vjs=3,Data Analyst
Morgan Stanley,"Mumbai, Maharashtra",https://in.indeed.com/rc/clk?jk=555269f2e4ca88b8&fccid=0c39fb2c91742dcf&vjs=3,Data Analyst
Visible Alpha,"Mumbai, Maharashtra",https://in.indeed.com/rc/clk?jk=d401668b639d051f&fccid=aa8c74044d03a5c2&vjs=3,Data Analyst
Experian,"Mumbai, Maharashtra",https://in.indeed.com/rc/clk?jk=a1ac56b8ac486485&fccid=75a3a5a15b202084&vjs=3,Data Analyst
Incubit Global Business Services Pvt. Ltd.,"Mumbai, Maharashtra",https://in.indeed.com/company/Incubit-Global-Business-Services-Pvt.-Ltd./jobs/Data-Business-Analyst-d0b1d7e68d3c57c3?fccid=c0c3ae76f9a3e532&vjs=3,Data Analyst
Morningstar,"Mumbai, Maharashtra",https://in.indeed.com/rc/clk?jk=7fac344632fcca65&fccid=acfb0b086b8f975d&vjs=3,Data Analyst
Eureka outsourcing,"Mumbai, Maharashtra",https://in.indeed.com/company/eureka-outsourcing/jobs/Data-Analyst-a8bbbd5ab070141a?fccid=613af95c3a9e6c2f&vjs=3,Data Analyst
LEADS 2 BUSINESS SOLUTIONS P LTD,"Thane, Maharashtra+2 locations",https://in.indeed.com/company/LEADS-2-BUSINESS/jobs/Data-Analyst-6a61bb01cf1e725d?fccid=e9e99867fa0ea29d&vjs=3,Data Analyst
Capgemini,"Mumbai, Maharashtra",https://in.indeed.com/rc/clk?jk=7c9608c0253e519b&fccid=105ecfd0283f415f&vjs=3,Data Analyst
Whitespace Global,"Mumbai, Maharashtra",https://in.indeed.com/company/Whitespace-Global/jobs/Data-Analyst-5c9afbb1f95ed9d2?fccid=f83b9b35c58555bf&vjs=3,Data Analyst
BridgeLoyalty,"Mumbai, Maharashtra",https://in.indeed.com/rc/clk?jk=6ec93c310d168994&fccid=8ec39a7487d00fe9&vjs=3,Data Analyst
BookMyShow,"Mumbai, Maharashtra",https://in.indeed.com/rc/clk?jk=a31a546c9aac3bf3&fccid=c0ae0a4999bb0b79&vjs=3,Data Analyst
TTEC,"Mumbai, Maharashtra",https://in.indeed.com/rc/clk?jk=e8948b3f9777c772&fccid=4be57509a4916871&vjs=3,Data Analyst
Open Secret,"Mumbai, Maharashtra",https://in.indeed.com/company/Open-Secret/jobs/Data-Analyst-ebba11b02f0a4afe?fccid=9c5de7503ba75f8b&vjs=3,Data Analyst
Talent Corner HR Services Private Limited,"Mumbai, Maharashtra",https://in.indeed.com/company/Talent-Corner-HR-Services-Private-Limited/jobs/Requirement-Data-Analytic-3cd087218a23c79f?fccid=0f289a6509f42c20&vjs=3,Data Analyst
Scikey,"Remote in Mumbai, Maharashtra",https://in.indeed.com/company/SCIKEY/jobs/Data-Analyst-b04cc26ddbe87cd6?fccid=7ad36117cddb7438&vjs=3,Data Analyst
Isha Consult,"Mumbai, Maharashtra",https://in.indeed.com/company/Isha-Consult/jobs/Research-Analyst-bdfa90f61fe983dd?fccid=92c210d717cab577&vjs=3,Data Analyst
Great Place to Work,"Mumbai, Maharashtra",https://in.indeed.com/company/GREAT-PLACE-TO-WORK/jobs/Consulting-Analyst-bfb5ad47d97f60b8?fccid=b6435179372a9ed5&vjs=3,Data Analyst
Capgemini,"Mumbai, Maharashtra",https://in.indeed.com/rc/clk?jk=b50062e88b11b573&fccid=105ecfd0283f415f&vjs=3,Data Analyst
Munich Re,"Mumbai, Maharashtra",https://in.indeed.com/rc/clk?jk=ba7ca3e57fba0b76&fccid=d4448c192a012f32&vjs=3,Data Analyst
PayU,"Mumbai, Maharashtra",https://in.indeed.com/rc/clk?jk=183eb1f2bbc65372&fccid=c1bec49d1ea92b43&vjs=3,Data Analyst
Zeno Health,"Mumbai, Maharashtra",https://in.indeed.com/rc/clk?jk=d637e624765a66d3&fccid=146cbb09b5eb0491&vjs=3,Data Analyst
Capgemini,"Mumbai, Maharashtra",https://in.indeed.com/rc/clk?jk=f80aaf6ecd0522bd&fccid=105ecfd0283f415f&vjs=3,Data Analyst
Accenture,"Mumbai, Maharashtra",https://in.indeed.com/rc/clk?jk=e7e075ab36a89399&fccid=a4e4e2eaf26690c9&vjs=3,Data Analyst
DBRS,"Mumbai, Maharashtra",https://in.indeed.com/company/DBRS-Morningstar/jobs/Junior-Analyst-5dd997328837e1d1?fccid=e57474a1a45cf8a4&vjs=3,Data Analyst
Abbott Laboratories,"Mumbai, Maharashtra",https://in.indeed.com/rc/clk?jk=44f1ef58be9a651d&fccid=77426fa86bb11d7c&vjs=3,Data Analyst
Your Retail Coach,"Santacruz, Maharashtra",https://in.indeed.com/company/MIND-A-MEND/jobs/Business-Analyst-830c180f226a17d6?fccid=13eadb9e997f4add&vjs=3,Data Analyst
RBHU ETG Private Limited,"Navi Mumbai, Maharashtra",https://in.indeed.com/company/RBHU-ETG-Private-Limited/jobs/Graduate-Engineer-Trainee-097f93e5670f12d0?fccid=20f3451d17d09a1c&vjs=3,Data Analyst
Lloyd's Register Group,"Mumbai, Maharashtra",https://in.indeed.com/rc/clk?jk=bdad726d916ef9d8&fccid=51e6d37e31a6306f&vjs=3,Data Analyst
NDX P2P PRIVATE LIMITED,"Andheri, Mumbai, Maharashtra",https://in.indeed.com/company/LiquiLoans/jobs/Credit-Risk-Analyst-5704080f9d11e164?fccid=a9e572c9cf09038c&vjs=3,Data Analyst
UBS,"Mumbai, Maharashtra",https://in.indeed.com/rc/clk?jk=1628f086e64d6d57&fccid=1c76c3a36f6c7557&vjs=3,Data Analyst
"JPMorgan Chase Bank, N.A.","Mumbai, Maharashtra",https://in.indeed.com/rc/clk?jk=ab18d1f590ea7cba&fccid=aaf3b433897ea465&vjs=3,Data Analyst
"JPMorgan Chase Bank, N.A.","Mumbai, Maharashtra",https://in.indeed.com/rc/clk?jk=972abebfe2ac06dc&fccid=aaf3b433897ea465&vjs=3,Data Analyst
Thermo Fisher Scientific,"Mumbai, Maharashtra",https://in.indeed.com/rc/clk?jk=98e1608904f50e0e&fccid=126e3afd205caa95&vjs=3,Data Analyst
ION,"Mumbai, Maharashtra",https://in.indeed.com/rc/clk?jk=42f1109abd98a2f1&fccid=363d27976f5fa667&vjs=3,Data Analyst
Accenture,"Mumbai, Maharashtra",https://in.indeed.com/rc/clk?jk=7499a2e6f9d3dc79&fccid=a4e4e2eaf26690c9&vjs=3,Data Analyst
Priceline.com,"Mumbai, Maharashtra",https://in.indeed.com/rc/clk?jk=a672cec5f2297416&fccid=e3c82d82eecba317&vjs=3,Data Analyst
Astreya,"Mumbai, Maharashtra",https://in.indeed.com/rc/clk?jk=2bf6da13d4e6fbf9&fccid=f7fcb231ff95ee5c&vjs=3,Data Analyst
Kroll,"Mumbai, Maharashtra",https://in.indeed.com/rc/clk?jk=ec8fb42626d31c2f&fccid=2991547aff717aed&vjs=3,Data Analyst
Dun & Bradstreet,"Mumbai, Maharashtra",https://in.indeed.com/rc/clk?jk=217f57cdd0f12078&fccid=fa0ca3b638673d62&vjs=3,Data Analyst
Acumen HR,"Mumbai, Maharashtra",https://in.indeed.com/company/Acumen-HR/jobs/Data-Visualization-5387a6c3d0fcd8cc?fccid=59079079355d5ec3&vjs=3,Data Analyst
Gemini Exports,"Mumbai, Maharashtra",https://in.indeed.com/rc/clk?jk=2ea714d27d301f7c&fccid=fd043b3cc3e559d3&vjs=3,Data Analyst
General Mills,"Remote in Mumbai, Maharashtra",https://in.indeed.com/rc/clk?jk=0cb89a45d10aa81b&fccid=3bcf7eb192e678e4&vjs=3,Data Analyst
L'Oreal,"Mumbai, Maharashtra",https://in.indeed.com/rc/clk?jk=d0e6bb6d3bb07c07&fccid=ec8a0bd60be9a6f5&vjs=3,Data Analyst
ROCHEM Separation Systems,"Unknown, Mumbai, Maharashtra",https://in.indeed.com/rc/clk?jk=16015009981da2a9&fccid=b272bdab8a88eb0d&vjs=3,Data Analyst
Rubiza Business World,"Thane, Maharashtra",https://in.indeed.com/company/Rubiza-Business-World/jobs/Data-Analyst-3447caf21e8156db?fccid=4418b592160b4741&vjs=3,Data Analyst
NAILBITER,"Hybrid remote in Mumbai, Maharashtra",https://in.indeed.com/rc/clk?jk=5f252658ada5b0ca&fccid=de9cd1d2754dfa75&vjs=3,Data Analyst
FedEx Express MEISA,"Mumbai, Maharashtra",https://in.indeed.com/rc/clk?jk=e1fbff91d65f2ed6&fccid=5c439b65a0bd045b&vjs=3,Data Analyst
Haven Infoline Pvt Ltd.,"Mumbai, Maharashtra",https://in.indeed.com/company/Lockated/jobs/Bi-Analyst-dfaa1ddbd715b9a6?fccid=c3a00d0fffc79318&vjs=3,Data Analyst
Viral Fission,"Vile Parle, Mumbai, Maharashtra",https://in.indeed.com/rc/clk?jk=bb795f58b71aa036&fccid=dab46176c0462c82&vjs=3,Data Analyst
Dow,"Mumbai, Maharashtra",https://in.indeed.com/rc/clk?jk=26da8a34acd1c2c5&fccid=b3a3d9b7840e20cb&vjs=3,Data Analyst
Global Vox Populi,"Mumbai, Maharashtra",https://in.indeed.com/rc/clk?jk=0fe2315b90a0a7f3&fccid=14d12a8eaf9dea1f&vjs=3,Data Analyst
FENG GROUP,"Mumbai, Maharashtra",https://in.indeed.com/rc/clk?jk=803d244f1cb91523&fccid=dd616958bd9ddc12&vjs=3,Data Analyst
Scikey,"Remote in Mumbai, Maharashtra",https://in.indeed.com/company/SCIKEY/jobs/Senior-Data-Analyst-Data-Scientist-ec2c4d25a087d69f?fccid=7ad36117cddb7438&vjs=3,Data Analyst
Busisol Sourcing,"Mumbai, Maharashtra",https://in.indeed.com/rc/clk?jk=70b3a85a43fb9164&fccid=4fd83253433e0d24&vjs=3,Data Analyst
Citi,"Mumbai, Maharashtra",https://in.indeed.com/rc/clk?jk=9840eb2290e6fdd7&fccid=5bcd1ef0a7f4fb99&vjs=3,Data Analyst
GXO Logistics,"Mumbai, Maharashtra",https://in.indeed.com/rc/clk?jk=b77122b039a94dfe&fccid=66530c16c7ccb793&vjs=3,Data Analyst
Accenture,"Mumbai, Maharashtra",https://in.indeed.com/rc/clk?jk=e2d6c5656618fca0&fccid=a4e4e2eaf26690c9&vjs=3,Data Analyst
Stock Axis,"Cuffe Parade, Mumbai, Maharashtra",https://in.indeed.com/rc/clk?jk=c00d7f0fb0a9ede1&fccid=fb9894e059ec14cf&vjs=3,Data Analyst
Design Cafe,"Mumbai, Maharashtra",https://in.indeed.com/rc/clk?jk=2d69866acb05988c&fccid=9f954447a21150a6&vjs=3,Data Analyst
"JPMorgan Chase Bank, N.A.","Mumbai, Maharashtra",https://in.indeed.com/rc/clk?jk=bea4b451291d9b93&fccid=aaf3b433897ea465&vjs=3,Data Analyst
ION,"Mumbai, Maharashtra",https://in.indeed.com/rc/clk?jk=2540119dbbf921c8&fccid=363d27976f5fa667&vjs=3,Data Analyst
Transorg Analytics,"Mumbai, Maharashtra",https://in.indeed.com/rc/clk?jk=aecf1a103cea7549&fccid=19210c040f6d1cde&vjs=3,Data Analyst
Cacti Global,"Remote in Mumbai, Maharashtra",https://in.indeed.com/rc/clk?jk=7472845af846e2a2&fccid=26d3a589aada9dc8&vjs=3,Data Analyst
WRI India,"Mumbai, Maharashtra",https://in.indeed.com/rc/clk?jk=9dfb216af07f4f2d&fccid=1935823aa32012fa&vjs=3,Data Analyst
MSCI Inc,"Mumbai, Maharashtra",https://in.indeed.com/rc/clk?jk=8a46ffca92483199&fccid=c1f583e22ebf0f6e&vjs=3,Data Analyst
General Mills,"Remote in Mumbai, Maharashtra",https://in.indeed.com/rc/clk?jk=f2a111b30625c540&fccid=3bcf7eb192e678e4&vjs=3,Data Analyst
Nexdigm,"Mahalaxmi, Mumbai, Maharashtra",https://in.indeed.com/rc/clk?jk=6829db2e1e09432a&fccid=f76477e2de258fd7&vjs=3,Data Analyst
Swift Information Technologies Pvt. Ltd.,"Navi Mumbai, Maharashtra",https://in.indeed.com/company/Swift-Information-Technologies-Pvt.-Ltd./jobs/Data-Analyst-29c2791d73a9b2ab?fccid=2c3381066653d7bb&vjs=3,Data Analyst
Client of The Crew People,"Mumbai, Maharashtra",https://in.indeed.com/company/Argyle-HR-Solutions-Private-Limited/jobs/Data-Analyst-53aaab595963886c?fccid=c989c2fa86bbe30f&vjs=3,Data Analyst
"JPMorgan Chase Bank, N.A.","Mumbai, Maharashtra",https://in.indeed.com/rc/clk?jk=cf8eac465b5fca57&fccid=aaf3b433897ea465&vjs=3,Data Analyst
WHITE FORCE OUTSOURCING SERVICES PRIVATE LIMITED,"Mumbai, Maharashtra+1 location",https://in.indeed.com/rc/clk?jk=0003d8aa229ee295&fccid=22cd73a639fefc9e&vjs=3,Data Analyst
FENG GROUP,"Mumbai, Maharashtra",https://in.indeed.com/rc/clk?jk=7676649c48e57878&fccid=dd616958bd9ddc12&vjs=3,Data Analyst
"JPMorgan Chase Bank, N.A.","Mumbai, Maharashtra",https://in.indeed.com/rc/clk?jk=3bdb0242a3ab845f&fccid=aaf3b433897ea465&vjs=3,Data Analyst
"JPMorgan Chase Bank, N.A.","Mumbai, Maharashtra",https://in.indeed.com/rc/clk?jk=9dcd260a5b1d45d1&fccid=aaf3b433897ea465&vjs=3,Data Analyst
Engineer & Mehta,"Mumbai, Maharashtra",https://in.indeed.com/company/Engineer-&-Mehta/jobs/Investment-Team-Support-Analyst-d8a36f9e83a036da?fccid=f1903e125ebf3e81&vjs=3,Data Analyst
MasterCard,"Hybrid remote in Navi Mumbai, Maharashtra",https://in.indeed.com/rc/clk?jk=a704529bbcb1cc52&fccid=10b5c722d846df43&vjs=3,Data Analyst
Crédit Agricole CIB,"Mumbai, Maharashtra",https://in.indeed.com/rc/clk?jk=3b1151ed5a502fdc&fccid=7077ed64aecd53a3&vjs=3,Data Analyst
Citi,"Mumbai, Maharashtra",https://in.indeed.com/rc/clk?jk=eecf9b73f3de1ab9&fccid=5bcd1ef0a7f4fb99&vjs=3,Data Analyst
Sony Pictures Networks,"Mumbai, Maharashtra",https://in.indeed.com/rc/clk?jk=46565fe67a665f5d&fccid=87296c430fc584e1&vjs=3,Data Analyst
Social Wavelength,"Mumbai, Maharashtra",https://in.indeed.com/rc/clk?jk=2f0a61f86290295e&fccid=7b868e6cf206beb6&vjs=3,Data Analyst
Capgemini,"Mumbai, Maharashtra",https://in.indeed.com/rc/clk?jk=281e1cf10be64a01&fccid=105ecfd0283f415f&vjs=3,Data Analyst
"JPMorgan Chase Bank, N.A.","Mumbai, Maharashtra",https://in.indeed.com/rc/clk?jk=645627619ad9a99c&fccid=aaf3b433897ea465&vjs=3,Data Analyst
Link Group,"Mumbai, Maharashtra",https://in.indeed.com/rc/clk?jk=7a56bb8ec4347434&fccid=7ab5f4f72fdce966&vjs=3,Data Analyst
Pcura Consulting,"Mumbai, Maharashtra",https://in.indeed.com/rc/clk?jk=9d321310076448d4&fccid=c3ce65a212ba6df9&vjs=3,Data Analyst
PCDS Infotech,"Mumbai, Maharashtra",https://in.indeed.com/rc/clk?jk=a7f401e82b6ad0a6&fccid=56e092f7d2357a35&vjs=3,Data Analyst
HRhelpdesk,"Mumbai, Maharashtra",https://in.indeed.com/rc/clk?jk=40d6415c6beb0bd9&fccid=6edaa483dac9b734&vjs=3,Data Analyst
Prabhudas Lilladher,"Mumbai, Maharashtra",https://in.indeed.com/rc/clk?jk=f31708544999c1bc&fccid=f5f981785289e156&vjs=3,Data Analyst
Convergence IT Services,"Mumbai, Maharashtra",https://in.indeed.com/rc/clk?jk=1f952241e5d43d74&fccid=333bc4b3c68195dd&vjs=3,Data Analyst
M&G plc,"Mumbai, Maharashtra",https://in.indeed.com/rc/clk?jk=2fc5a60c34b74034&fccid=046c9007b371673e&vjs=3,Data Analyst
BePlaced,"Malad, Mumbai, Maharashtra",https://in.indeed.com/company/BePlaced/jobs/Mis-Analyst-d8d8d1b27c7598b9?fccid=1afc887cd35a0f30&vjs=3,Data Analyst
Trafigura,"Mumbai, Maharashtra",https://in.indeed.com/rc/clk?jk=0c828ea4508d3048&fccid=2e75f29e0007f5a0&vjs=3,Data Analyst
Zen & Art,"Mumbai, Maharashtra",https://in.indeed.com/rc/clk?jk=3e14a3a8516cd475&fccid=ca1483627ef5e59c&vjs=3,Data Analyst
Neosoft Technologies,"Mumbai, Maharashtra",https://in.indeed.com/company/N%C3%A9osoft-technologies-inc./jobs/Business-Analyst-f5d8ce5ce775443a?fccid=20361bd10d739168&vjs=3,Data Analyst
Russet Studio,"Mulund, Mumbai, Maharashtra",https://in.indeed.com/rc/clk?jk=4a789f6be0fe3cbb&fccid=81deaefb5bc8f4e5&vjs=3,Data Analyst
Black & Veatch,"Vikhroli, Mumbai, Maharashtra",https://in.indeed.com/rc/clk?jk=aaa6d86020bdcaa6&fccid=3c6c62c1f9964388&vjs=3,Data Analyst
Mirum Digital Pvt. Ltd.,"Mumbai, Maharashtra",https://in.indeed.com/rc/clk?jk=94c54242b5856373&fccid=30584d7fcc702043&vjs=3,Data Analyst
Maersk,"Navi Mumbai, Maharashtra",https://in.indeed.com/rc/clk?jk=2c57a3901f2344c1&fccid=14e7391c55beeb80&vjs=3,Data Analyst
Fedbank Financial Services Limited,"Mumbai, Maharashtra",https://in.indeed.com/rc/clk?jk=fb29c5a11d24432c&fccid=b79ad6f5645e2eb8&vjs=3,Data Analyst
PMS Consulting,"Mumbai, Maharashtra",https://in.indeed.com/rc/clk?jk=9d396119cf259461&fccid=5c345d43939a2216&vjs=3,Data Analyst
LogisticsNow,"Mumbai, Maharashtra",https://in.indeed.com/rc/clk?jk=dc31ef4dfe5cc3a1&fccid=531af5efc7c07cf1&vjs=3,Data Analyst
NEWJ,"Mumbai, Maharashtra",https://in.indeed.com/rc/clk?jk=0701a0c0bb72ee7b&fccid=c15bdcceb5ed3780&vjs=3,Data Analyst
"Owens Asia, Inc..","Thane, Maharashtra","https://in.indeed.com/company/Owens-Asia,-Inc../jobs/Data-Analyst-a73637cc8926fcde?fccid=b7d8ae54bc31eb1c&vjs=3",Data Analyst
Morgan Stanley,"Mumbai, Maharashtra",https://in.indeed.com/rc/clk?jk=75d4fac939f754dd&fccid=0c39fb2c91742dcf&vjs=3,Data Analyst
UBS,"Mumbai, Maharashtra",https://in.indeed.com/rc/clk?jk=028d207456db1dbf&fccid=1c76c3a36f6c7557&vjs=3,Data Analyst
Equity Data Science,"Mumbai, Maharashtra",https://in.indeed.com/rc/clk?jk=298ce5b3d3b153cb&fccid=d51af6af938fd338&vjs=3,Data Analyst
"JPMorgan Chase Bank, N.A.","Mumbai, Maharashtra",https://in.indeed.com/rc/clk?jk=3e811a2ec49a843e&fccid=aaf3b433897ea465&vjs=3,Data Analyst
Scikey,"Remote in Mumbai, Maharashtra",https://in.indeed.com/company/SCIKEY/jobs/Data-Visualization-Specialist-2b63f70f6b911986?fccid=7ad36117cddb7438&vjs=3,Data Analyst
"JPMorgan Chase Bank, N.A.","Mumbai, Maharashtra",https://in.indeed.com/rc/clk?jk=aacc3eb73cf97e70&fccid=aaf3b433897ea465&vjs=3,Data Analyst
Citi,"Mumbai, Maharashtra",https://in.indeed.com/rc/clk?jk=a5aea0136332c892&fccid=5bcd1ef0a7f4fb99&vjs=3,Data Analyst
"JPMorgan Chase Bank, N.A.","Mumbai, Maharashtra",https://in.indeed.com/rc/clk?jk=5a7292cf07c63d12&fccid=aaf3b433897ea465&vjs=3,Data Analyst
Visible Alpha,"Mumbai, Maharashtra",https://in.indeed.com/rc/clk?jk=b2299a989810c8ae&fccid=aa8c74044d03a5c2&vjs=3,Data Analyst
Capgemini,"Mumbai, Maharashtra",https://in.indeed.com/rc/clk?jk=e1d6bd6d88b61b13&fccid=105ecfd0283f415f&vjs=3,Data Analyst
Barclays,"Mumbai, Maharashtra",https://in.indeed.com/rc/clk?jk=794f6a1abbe55efc&fccid=057abf3fd357e717&vjs=3,Data Analyst
EvolutionCo Digital & Interactive Consultancy Pvt....,"Mumbai, Maharashtra",https://in.indeed.com/company/EvolutionCo-Digital-&-Interactive-Consultancy-Pvt.-Ltd/jobs/Social-Media-Analyst-1f5fe93a1df1c595?fccid=0fa19e8ff399c691&vjs=3,Data Analyst
Brandbase Capsule Pvt Ltd,"Mumbai, Maharashtra",https://in.indeed.com/company/BRANDBASE-CAPSULE-PVT-LTD/jobs/Marketing-Data-Analyst-22f1caae2f2c9fa5?fccid=d0d13faec142cd1a&vjs=3,Data Analyst
Citi,"Mumbai, Maharashtra",https://in.indeed.com/rc/clk?jk=c8dfa287893cf619&fccid=5bcd1ef0a7f4fb99&vjs=3,Data Analyst
Eclerx,"Mumbai, Maharashtra",https://in.indeed.com/rc/clk?jk=ea28ec5cd2e15e46&fccid=e6a2604cd4491b02&vjs=3,Data Analyst
UBS,"Mumbai, Maharashtra",https://in.indeed.com/rc/clk?jk=e931d766d1daff2e&fccid=1c76c3a36f6c7557&vjs=3,Data Analyst
Response Informatics,"Mumbai, Maharashtra",https://in.indeed.com/rc/clk?jk=5a8a458c28ad3241&fccid=93247fd5fba76538&vjs=3,Data Analyst
ION,"Mumbai, Maharashtra",https://in.indeed.com/rc/clk?jk=8534800684b33df8&fccid=363d27976f5fa667&vjs=3,Data Analyst
"JPMorgan Chase Bank, N.A.","Mumbai, Maharashtra",https://in.indeed.com/rc/clk?jk=e469379e5ca0f05c&fccid=aaf3b433897ea465&vjs=3,Data Analyst
TELUS International,"Mumbai, Maharashtra",https://in.indeed.com/rc/clk?jk=b105a4139316b49e&fccid=1a93caa31afcad42&vjs=3,Data Analyst
Khel Group Pvt Ltd,"Mumbai, Maharashtra",https://in.indeed.com/rc/clk?jk=dbac0582d37a1368&fccid=858550bab8b4eae4&vjs=3,Data Analyst
"JPMorgan Chase Bank, N.A.","Mumbai, Maharashtra",https://in.indeed.com/rc/clk?jk=b46d14fca8ab5851&fccid=aaf3b433897ea465&vjs=3,Data Analyst
TTEC,"Mumbai, Maharashtra",https://in.indeed.com/rc/clk?jk=1e723f13433c7147&fccid=4be57509a4916871&vjs=3,Data Analyst
Citi,"Mumbai, Maharashtra",https://in.indeed.com/rc/clk?jk=cb0b686b5cc94623&fccid=5bcd1ef0a7f4fb99&vjs=3,Data Analyst
FedEx Express MEISA,"Mumbai, Maharashtra",https://in.indeed.com/rc/clk?jk=994d96075b086178&fccid=5c439b65a0bd045b&vjs=3,Data Analyst
WebMD,"Navi Mumbai, Maharashtra",https://in.indeed.com/rc/clk?jk=1397dc5fee07887c&fccid=2f7cb114b730b276&vjs=3,Data Analyst
Bloom Energy,"Mumbai, Maharashtra",https://in.indeed.com/rc/clk?jk=8c76e5cd61819796&fccid=04ef0d72e1a71432&vjs=3,Data Analyst
"JPMorgan Chase Bank, N.A.","Mumbai, Maharashtra",https://in.indeed.com/rc/clk?jk=fd2094dd05199f19&fccid=aaf3b433897ea465&vjs=3,Data Analyst
Deutsche Bank,"Mumbai, Maharashtra",https://in.indeed.com/rc/clk?jk=75f89afe7e080f54&fccid=f1d8e147024abb3f&vjs=3,Data Analyst
"JPMorgan Chase Bank, N.A.","Mumbai, Maharashtra",https://in.indeed.com/rc/clk?jk=6d9c77e086bd791d&fccid=aaf3b433897ea465&vjs=3,Data Analyst
Incipientinfo,"Mumbai, Maharashtra",https://in.indeed.com/company/Incipientinfo/jobs/IT-Business-Analyst-372b313f9769f067?fccid=791748ae5c08579e&vjs=3,Data Analyst
Morpheus Human Consulting,"Mumbai, Maharashtra",https://in.indeed.com/company/Morpheus-Human-Consulting/jobs/Data-Analyst-c1e5ab4638909332?fccid=b11361d0457f795a&vjs=3,Data Analyst
Tax Genie,"Mumbai, Maharashtra",https://in.indeed.com/rc/clk?jk=33c7b592e90f5078&fccid=bdcf25e6e877ce61&vjs=3,Data Analyst
"JPMorgan Chase Bank, N.A.","Mumbai, Maharashtra",https://in.indeed.com/rc/clk?jk=b4236b17a6434404&fccid=aaf3b433897ea465&vjs=3,Data Analyst
FedEx Express MEISA,"Mumbai, Maharashtra",https://in.indeed.com/rc/clk?jk=7883cf3f80bc3abc&fccid=5c439b65a0bd045b&vjs=3,Data Analyst
Accenture,"Mumbai, Maharashtra",https://in.indeed.com/rc/clk?jk=86c899deba9c3beb&fccid=a4e4e2eaf26690c9&vjs=3,Data Analyst
Experian,"Mumbai, Maharashtra",https://in.indeed.com/rc/clk?jk=0a1f1d8a8b4b322c&fccid=75a3a5a15b202084&vjs=3,Data Analyst
Crisil,"Mumbai, Maharashtra",https://in.indeed.com/rc/clk?jk=f71a3f9095098370&fccid=a16d9ed628a37fab&vjs=3,Data Analyst
ShieldByte Infosec,"Mumbai, Maharashtra",https://in.indeed.com/rc/clk?jk=023b861350c3e7d1&fccid=7877e98d329033a0&vjs=3,Data Analyst
Institutional Shareholder Services,"Mumbai, Maharashtra",https://in.indeed.com/rc/clk?jk=7eca54fd909ca7b1&fccid=c15e58c229888ed7&vjs=3,Data Analyst
altbalaji,"Mumbai, Maharashtra",https://in.indeed.com/rc/clk?jk=276e8768634cfce1&fccid=74720b6d3b89dc9f&vjs=3,Data Analyst
Adoro,"Mumbai, Maharashtra",https://in.indeed.com/rc/clk?jk=d96460edd7445c8d&fccid=a34b19ce4724b6cc&vjs=3,Data Analyst
"JPMorgan Chase Bank, N.A.","Mumbai, Maharashtra",https://in.indeed.com/rc/clk?jk=f28518d2859d9316&fccid=aaf3b433897ea465&vjs=3,Data Analyst
d’Amico Ship Ishima India,"Mumbai, Maharashtra",https://in.indeed.com/rc/clk?jk=126e620201485ab2&fccid=dd616958bd9ddc12&vjs=3,Data Analyst
Ketto,"Mumbai, Maharashtra",https://in.indeed.com/rc/clk?jk=78f010cc21489ce2&fccid=0ca5fb09be5db2e4&vjs=3,Data Analyst
Mantras2Success consultants,"Mumbai, Maharashtra",https://in.indeed.com/rc/clk?jk=895e2f4533ba5e6a&fccid=ceef42c635638fb6&vjs=3,Data Analyst
C.H. Robinson,"Mumbai, Maharashtra",https://in.indeed.com/rc/clk?jk=2c01ad67ba695a27&fccid=090a7d416d718609&vjs=3,Data Analyst
Netstar Infotech Private Limited,"Thane, Maharashtra",https://in.indeed.com/company/Netstar-Infotech-Private-Limited/jobs/Data-Analyst-c5e4831727ef081d?fccid=f47d328a959fafae&vjs=3,Data Analyst
Newfold Digital,"Temporarily Remote in Mumbai, Maharashtra",https://in.indeed.com/rc/clk?jk=1db9401d6932c6a9&fccid=fa9d27e97718e97b&vjs=3,Data Analyst
Client of P. S International HR Consultants,"Mumbai, Maharashtra",https://in.indeed.com/company/P.-S-International/jobs/Data-Analyst-579bb3eab77ead0f?fccid=8e0910c65b0f554c&vjs=3,Data Analyst
"JPMorgan Chase Bank, N.A.","Mumbai, Maharashtra",https://in.indeed.com/rc/clk?jk=9285ddff544c37fd&fccid=aaf3b433897ea465&vjs=3,Data Analyst
Enmglobal,"Mumbai, Maharashtra",https://in.indeed.com/rc/clk?jk=89dd1267731b7d5e&fccid=673bf2775b80d76a&vjs=3,Data Analyst
"JPMorgan Chase Bank, N.A.","Mumbai, Maharashtra",https://in.indeed.com/rc/clk?jk=e9055f32a74ec161&fccid=aaf3b433897ea465&vjs=3,Data Analyst
Accenture,"Mumbai, Maharashtra",https://in.indeed.com/rc/clk?jk=cfc4e354d1fc9822&fccid=a4e4e2eaf26690c9&vjs=3,Data Analyst
Morningstar,"Mumbai, Maharashtra",https://in.indeed.com/rc/clk?jk=7af696acef8adfd6&fccid=acfb0b086b8f975d&vjs=3,Data Analyst
Citi,"Mumbai, Maharashtra",https://in.indeed.com/rc/clk?jk=855b7fd27b580493&fccid=5bcd1ef0a7f4fb99&vjs=3,Data Analyst
Morningstar,"Mumbai, Maharashtra",https://in.indeed.com/rc/clk?jk=ae33ccdb63e11c93&fccid=acfb0b086b8f975d&vjs=3,Data Analyst
Paktolus,"Mumbai, Maharashtra",https://in.indeed.com/rc/clk?jk=42f46159ffaf89dc&fccid=3095e1b2ada9dd27&vjs=3,Data Analyst
"Ampersand Group, Malad west","Malad, Mumbai, Maharashtra",https://in.indeed.com/rc/clk?jk=d6776d23e97ef0d5&fccid=2e68755457a86e80&vjs=3,Data Analyst
Ambab,"Mumbai, Maharashtra",https://in.indeed.com/rc/clk?jk=ce9eb05c22df5f2b&fccid=c6bf9d739125dc16&vjs=3,Data Analyst
Greenwich Associates,"Mumbai, Maharashtra",https://in.indeed.com/rc/clk?jk=5da2ea49d3a113ad&fccid=b20562d29bb41adc&vjs=3,Data Analyst
Prabhudas Lilladher,"Mumbai, Maharashtra",https://in.indeed.com/rc/clk?jk=03ef8a961a7ce5ee&fccid=f5f981785289e156&vjs=3,Data Analyst
Eclerx,"Mumbai, Maharashtra",https://in.indeed.com/rc/clk?jk=3f2a4a245e5f47bc&fccid=e6a2604cd4491b02&vjs=3,Data Analyst
Argus Media,"Mumbai, Maharashtra",https://in.indeed.com/rc/clk?jk=b17b84a5ed6b11d0&fccid=d1bdb1e0aad69657&vjs=3,Data Analyst
Accenture,"Mumbai, Maharashtra",https://in.indeed.com/rc/clk?jk=e54e4d999d0b965a&fccid=a4e4e2eaf26690c9&vjs=3,Data Analyst
Greenwich Associates,"Mumbai, Maharashtra",https://in.indeed.com/rc/clk?jk=eeffab51d55e1d15&fccid=b20562d29bb41adc&vjs=3,Data Analyst
Greenwich Associates,"Mumbai, Maharashtra",https://in.indeed.com/rc/clk?jk=703b91d63492dd2d&fccid=b20562d29bb41adc&vjs=3,Data Analyst
"JPMorgan Chase Bank, N.A.","Mumbai, Maharashtra",https://in.indeed.com/rc/clk?jk=e60fa6cc9bf1bf71&fccid=aaf3b433897ea465&vjs=3,Data Analyst
SelFin India Financial Services,"Mumbai, Maharashtra",https://in.indeed.com/rc/clk?jk=e94cf79692c0ee81&fccid=dd616958bd9ddc12&vjs=3,Data Analyst
Accenture,"Mumbai, Maharashtra",https://in.indeed.com/rc/clk?jk=a7fa1c5ce8e32bfe&fccid=a4e4e2eaf26690c9&vjs=3,Data Analyst
Morningstar,"Mumbai, Maharashtra",https://in.indeed.com/rc/clk?jk=902a678f49bca77c&fccid=acfb0b086b8f975d&vjs=3,Data Analyst
Siemens,"Thane, Maharashtra",https://in.indeed.com/rc/clk?jk=a3be96379d708157&fccid=ea6bb53f0b18b8f2&vjs=3,Data Analyst
Colgate-Palmolive,"Mumbai, Maharashtra",https://in.indeed.com/rc/clk?jk=809d162648e7fd59&fccid=d9162e48c444e6e3&vjs=3,Data Analyst
Sandhaanam India OPC Pvt. Ltd.,"Navi Mumbai, Maharashtra",https://in.indeed.com/company/Sandhaanam-India-OPC-Pvt.-Ltd./jobs/Business-Analyst-90eed8353d299a05?fccid=f262e6078e42325d&vjs=3,Data Analyst
"JPMorgan Chase Bank, N.A.","Mumbai, Maharashtra",https://in.indeed.com/rc/clk?jk=f0f509ae8f1a77a0&fccid=aaf3b433897ea465&vjs=3,Data Analyst
Echofeel,"Mumbai, Maharashtra",https://in.indeed.com/rc/clk?jk=5a7380a5d0122935&fccid=9feb60a01bbd754b&vjs=3,Data Analyst
Morningstar,"Mumbai, Maharashtra",https://in.indeed.com/rc/clk?jk=57cb994cdea3cc62&fccid=acfb0b086b8f975d&vjs=3,Data Analyst
GXO Logistics,"Mumbai, Maharashtra",https://in.indeed.com/rc/clk?jk=32fae0d5b0601dbb&fccid=66530c16c7ccb793&vjs=3,Data Analyst
ION,"Mumbai, Maharashtra",https://in.indeed.com/rc/clk?jk=19ca380f049b295e&fccid=363d27976f5fa667&vjs=3,Data Analyst
Unnati,"Mumbai, Maharashtra",https://in.indeed.com/rc/clk?jk=a7673fda427846b6&fccid=4a4a351190f7f1cd&vjs=3,Data Analyst
IDFC FIRST Bank,"Mumbai, Maharashtra",https://in.indeed.com/rc/clk?jk=a9c7172cb4292f94&fccid=c1340f0b335b9dd7&vjs=3,Data Analyst
Morgan Stanley,"Mumbai, Maharashtra",https://in.indeed.com/rc/clk?jk=334bfdaa3701e14f&fccid=0c39fb2c91742dcf&vjs=3,Data Analyst
CSB Bank,"Mumbai, Maharashtra",https://in.indeed.com/rc/clk?jk=220c8556a4b01423&fccid=c846634404f54518&vjs=3,Data Analyst
Capgemini,"Mumbai, Maharashtra",https://in.indeed.com/rc/clk?jk=9295b25e985a7ec3&fccid=105ecfd0283f415f&vjs=3,Data Analyst
UBS,"Mumbai, Maharashtra",https://in.indeed.com/rc/clk?jk=fb9eafbd329cbee3&fccid=1c76c3a36f6c7557&vjs=3,Data Analyst
RBHU ETG Private Limited,"Navi Mumbai, Maharashtra",https://in.indeed.com/company/RBHU-ETG-Private-Limited/jobs/Data-Analyst-Trainee-98c6510d9a965de4?fccid=20f3451d17d09a1c&vjs=3,Data Analyst
The Gene Box,"Mumbai, Maharashtra",https://in.indeed.com/rc/clk?jk=ba0739622d06d9fd&fccid=0d6de80ab08e58c2&vjs=3,Data Analyst
"JPMorgan Chase Bank, N.A.","Mumbai, Maharashtra",https://in.indeed.com/rc/clk?jk=dc31bcfa189ddd5c&fccid=aaf3b433897ea465&vjs=3,Data Analyst
"JPMorgan Chase Bank, N.A.","Mumbai, Maharashtra",https://in.indeed.com/rc/clk?jk=6ad380bc6b578c8a&fccid=aaf3b433897ea465&vjs=3,Data Analyst
Deloitte,"Mumbai, Maharashtra",https://in.indeed.com/rc/clk?jk=cb420b3c4f84e4a6&fccid=9e215d88a6b33622&vjs=3,Data Analyst
NEC Software Solutions (India),"Mumbai, Maharashtra",https://in.indeed.com/rc/clk?jk=b90878a30962d354&fccid=c66f46928c41e596&vjs=3,Data Analyst
Zeev Hr Consultants And Placement Services,"Mumbai, Maharashtra",https://in.indeed.com/company/Zeev-Hr-Consultants-&-Placement-Services/jobs/Data-Analyst-Marketing-0288322e174bb157?fccid=7f81e7515aac8656&vjs=3,Data Analyst
CRE MATRIX,"Mumbai, Maharashtra",https://in.indeed.com/company/CRE-matrix/jobs/Senior-Analyst-240d34388df38e6c?fccid=b5100e0c5a5dac57&vjs=3,Data Analyst
Dun & Bradstreet,"Mumbai, Maharashtra",https://in.indeed.com/rc/clk?jk=0af8ae704833838e&fccid=fa0ca3b638673d62&vjs=3,Data Analyst
Spinnaker Corporate Advisors,"Mumbai, Maharashtra",https://in.indeed.com/company/Spinnaker-Corporate-Advisors/jobs/Data-Visualization-Developer-fd9c717733f47e7f?fccid=9479f314b75ab640&vjs=3,Data Analyst
Tres Vista,"Mumbai, Maharashtra",https://in.indeed.com/rc/clk?jk=d3a5179e752edc45&fccid=a41de2dead1419e9&vjs=3,Data Analyst
angel consultancy,"Mumbai, Maharashtra",https://in.indeed.com/company/angel-consultancy/jobs/Financial-Analyst-1d31be13ace3b046?fccid=fa28ee81005a08e2&vjs=3,Data Analyst
Greenwich Associates,"Mumbai, Maharashtra",https://in.indeed.com/rc/clk?jk=b48e5aa80bdf643f&fccid=b20562d29bb41adc&vjs=3,Data Analyst
"JPMorgan Chase Bank, N.A.","Mumbai, Maharashtra",https://in.indeed.com/rc/clk?jk=b58afed463fc8ab0&fccid=aaf3b433897ea465&vjs=3,Data Analyst
PMAM Corporation,"Marol, Mumbai, Maharashtra",https://in.indeed.com/rc/clk?jk=e717ca74ce8cd8d5&fccid=7f3799d747f79912&vjs=3,Data Analyst
"JPMorgan Chase Bank, N.A.","Mumbai, Maharashtra",https://in.indeed.com/rc/clk?jk=7ac868a7e6498fdd&fccid=aaf3b433897ea465&vjs=3,Data Analyst
Augmenter Consulting,"Mumbai, Maharashtra",https://in.indeed.com/rc/clk?jk=68f09d73d56c5e1e&fccid=3a7bed83b06778e2&vjs=3,Data Analyst
IDFC FIRST Bank,"Mumbai, Maharashtra",https://in.indeed.com/rc/clk?jk=8ddcefca623ebcc6&fccid=c1340f0b335b9dd7&vjs=3,Data Analyst
Airtel India,"Mumbai, Maharashtra",https://in.indeed.com/rc/clk?jk=3bb9d492eb9720bb&fccid=bb95ccf807a8406a&vjs=3,Data Analyst
Standard Chartered,"Mumbai, Maharashtra",https://in.indeed.com/rc/clk?jk=21f33ce584a55d7f&fccid=5249cd8e17163cb5&vjs=3,Data Analyst
CSB Bank,"Mumbai, Maharashtra",https://in.indeed.com/rc/clk?jk=7a29fa9dbd044115&fccid=c846634404f54518&vjs=3,Data Analyst
Drip Capital,"Mumbai, Maharashtra",https://in.indeed.com/rc/clk?jk=07b5b8486af0b9e4&fccid=69c0c1c5fb7b1cf2&vjs=3,Data Analyst
DC Consultants,"Mumbai, Maharashtra",https://in.indeed.com/rc/clk?jk=238565df7ea008a0&fccid=a7e47ee66fd9c51b&vjs=3,Data Analyst
"JPMorgan Chase Bank, N.A.","Mumbai, Maharashtra",https://in.indeed.com/rc/clk?jk=f053f067cc53f9d2&fccid=aaf3b433897ea465&vjs=3,Data Analyst
Deutsche Bank,"Mumbai, Maharashtra",https://in.indeed.com/rc/clk?jk=52440732074a93de&fccid=f1d8e147024abb3f&vjs=3,Data Analyst
Nielsen,"Mumbai, Maharashtra",https://in.indeed.com/rc/clk?jk=23f34c530a71ea74&fccid=683f563b5cc25b70&vjs=3,Data Analyst
Offpich,"Mumbai, Maharashtra",https://in.indeed.com/rc/clk?jk=ba62d8edad6d0cfc&fccid=f256ef153d22e764&vjs=3,Data Analyst
"JPMorgan Chase Bank, N.A.","Mumbai, Maharashtra",https://in.indeed.com/rc/clk?jk=21362cf5f24722ab&fccid=aaf3b433897ea465&vjs=3,Data Analyst
Haptik,"Mumbai, Maharashtra",https://in.indeed.com/rc/clk?jk=4117cab29c0210b2&fccid=c31c030c6212d8fd&vjs=3,Data Analyst
ION,"Remote in Mumbai, Maharashtra",https://in.indeed.com/rc/clk?jk=9c993b4652bf40f0&fccid=363d27976f5fa667&vjs=3,Data Analyst
Kotak Mahindra,"Mumbai, Maharashtra+1 location",https://in.indeed.com/rc/clk?jk=73f49f9d01fd8f31&fccid=39db4225436c86bc&vjs=3,Data Analyst
Maersk,"Mumbai, Maharashtra",https://in.indeed.com/rc/clk?jk=8e62f88172011156&fccid=14e7391c55beeb80&vjs=3,Data Analyst
Accenture,"Mumbai, Maharashtra",https://in.indeed.com/rc/clk?jk=349643f3144a96e1&fccid=a4e4e2eaf26690c9&vjs=3,Data Analyst
HDFC Bank,"Mumbai, Maharashtra",https://in.indeed.com/rc/clk?jk=bbc21b2dc5e8b1ad&fccid=a6fab41a2a4262c5&vjs=3,Data Analyst
Institutional Shareholder Services,"Remote in Mumbai, Maharashtra",https://in.indeed.com/rc/clk?jk=95500e3145397921&fccid=c15e58c229888ed7&vjs=3,Data Analyst
Spice HR – Your Growth Partner,"Mumbai, Maharashtra",https://in.indeed.com/rc/clk?jk=c57f22c1c73a081a&fccid=ff044f739f3ffc85&vjs=3,Data Analyst
Nielsen,"Mumbai, Maharashtra",https://in.indeed.com/rc/clk?jk=6523dcf01a541300&fccid=683f563b5cc25b70&vjs=3,Data Analyst
Citi,"Mumbai, Maharashtra",https://in.indeed.com/rc/clk?jk=a96ee748cff64041&fccid=5bcd1ef0a7f4fb99&vjs=3,Data Analyst
Quacquarelli Symonds,"Mumbai, Maharashtra",https://in.indeed.com/rc/clk?jk=893583685c386eb3&fccid=e349127db7d62403&vjs=3,Data Analyst
Course5,"Mumbai, Maharashtra",https://in.indeed.com/rc/clk?jk=07e42f033bbb6e3a&fccid=fb3bb17dd428d73a&vjs=3,Data Analyst
Barclays,"Mumbai, Maharashtra",https://in.indeed.com/rc/clk?jk=9d6acfb95f16eb61&fccid=057abf3fd357e717&vjs=3,Data Analyst
Citi,"Mumbai, Maharashtra",https://in.indeed.com/rc/clk?jk=594c4c5dd102fae3&fccid=5bcd1ef0a7f4fb99&vjs=3,Data Analyst
Barclays,"Mumbai, Maharashtra",https://in.indeed.com/rc/clk?jk=7e427ab33dbf251f&fccid=057abf3fd357e717&vjs=3,Data Analyst
"JPMorgan Chase Bank, N.A.","Mumbai, Maharashtra",https://in.indeed.com/rc/clk?jk=4d138d99e81ace0e&fccid=aaf3b433897ea465&vjs=3,Data Analyst
NECSWS,"Mumbai, Maharashtra",https://in.indeed.com/rc/clk?jk=39dd4d344008b7ec&fccid=cd106fcc81f9985b&vjs=3,Data Analyst
"JPMorgan Chase Bank, N.A.","Mumbai, Maharashtra",https://in.indeed.com/rc/clk?jk=333d110537e1754a&fccid=aaf3b433897ea465&vjs=3,Data Analyst
Exponentia.ai,"Mumbai, Maharashtra",https://in.indeed.com/rc/clk?jk=8be6c29cf0a2aaa5&fccid=a55807e38e97fe97&vjs=3,Data Analyst
Saavn,"Mumbai, Maharashtra",https://in.indeed.com/rc/clk?jk=bbe48d0723369e15&fccid=bb4a2038fb497521&vjs=3,Data Analyst
EY,"Mumbai, Maharashtra",https://in.indeed.com/rc/clk?jk=688f774ebd6f0f18&fccid=1544766d4c2915b0&vjs=3,Data Analyst
East India Securities,"Mumbai, Maharashtra",https://in.indeed.com/rc/clk?jk=ac6193f1d512c366&fccid=ce80ed4e75722d68&vjs=3,Data Analyst
Crisil,"Mumbai, Maharashtra",https://in.indeed.com/rc/clk?jk=dec3669c267c6da6&fccid=a16d9ed628a37fab&vjs=3,Data Analyst
"JPMorgan Chase Bank, N.A.","Mumbai, Maharashtra",https://in.indeed.com/rc/clk?jk=64708ec7222ed9c3&fccid=aaf3b433897ea465&vjs=3,Data Analyst
Citi,"Mumbai, Maharashtra",https://in.indeed.com/rc/clk?jk=50fcd1223a372a22&fccid=5bcd1ef0a7f4fb99&vjs=3,Data Analyst
First Choice Finance Consultants,"Mumbai, Maharashtra",https://in.indeed.com/company/First-Choice-Finance-Consultants/jobs/Business-Analyst-8a88f50b1ad518bd?fccid=865e607a5b8eba13&vjs=3,Data Analyst
Boppo Technologies,"Mumbai, Maharashtra",https://in.indeed.com/rc/clk?jk=72508c9fef78bc99&fccid=81a6449bb2f335d2&vjs=3,Data Analyst
Radiometer,"Mumbai, Maharashtra",https://in.indeed.com/rc/clk?jk=24f5ecaa3eb07311&fccid=9a035fe3676656a4&vjs=3,Data Analyst
Vistex Asia-Pacific Private Ltd.,"Mumbai, Maharashtra",https://in.indeed.com/rc/clk?jk=f06d0ac0c6528450&fccid=227ca134437e9bfb&vjs=3,Data Analyst
Organon,"Mumbai, Maharashtra",https://in.indeed.com/rc/clk?jk=d56bfa44ba0c6091&fccid=3b5522176c21a60c&vjs=3,Data Analyst
Nielsen,"Mumbai, Maharashtra",https://in.indeed.com/rc/clk?jk=b3d6ae8e3df36cfe&fccid=683f563b5cc25b70&vjs=3,Data Analyst
Citi,"Mumbai, Maharashtra",https://in.indeed.com/rc/clk?jk=08635f9fd8c9e7b8&fccid=5bcd1ef0a7f4fb99&vjs=3,Data Analyst
Institutional Shareholder Services,"Remote in Mumbai, Maharashtra",https://in.indeed.com/rc/clk?jk=5d0022e66a3c08b6&fccid=c15e58c229888ed7&vjs=3,Data Analyst
JLL,"Mumbai, Maharashtra",https://in.indeed.com/rc/clk?jk=a8ac1685508f4657&fccid=9917de3c28f569f6&vjs=3,Data Analyst
Accenture,"Mumbai, Maharashtra",https://in.indeed.com/rc/clk?jk=fe11435db25fb7cb&fccid=a4e4e2eaf26690c9&vjs=3,Data Analyst
Barclays,"Mumbai, Maharashtra",https://in.indeed.com/rc/clk?jk=b15865cbb5e3db74&fccid=057abf3fd357e717&vjs=3,Data Analyst
Orange Business Services,"Mumbai, Maharashtra",https://in.indeed.com/rc/clk?jk=0c3b3bd938ea1fd4&fccid=24d2bacb9e5b24ee&vjs=3,Data Analyst
Crisil,"Mumbai, Maharashtra",https://in.indeed.com/rc/clk?jk=a14cacd43734ba04&fccid=a16d9ed628a37fab&vjs=3,Data Analyst
S&P Global,"Mumbai, Maharashtra",https://in.indeed.com/rc/clk?jk=be647fc0066c49f1&fccid=b716e44d2c6283e7&vjs=3,Data Analyst
Ariprus,"Mumbai, Maharashtra",https://in.indeed.com/rc/clk?jk=e3cd43a7d1e2f840&fccid=fc8cbc6ce0825c46&vjs=3,Data Analyst
Crux Intelligence,"Mumbai, Maharashtra",https://in.indeed.com/company/Crux-Intelligence/jobs/Sales-Engineer-3400b294c691ab6b?fccid=32d02deb334fe03b&vjs=3,Data Analyst
Disney Media & Entertainment Distribution,"Mumbai, Maharashtra",https://in.indeed.com/rc/clk?jk=8dfbd11063f17a0b&fccid=c3092a91bcb42ca9&vjs=3,Data Analyst
UBS,"Mumbai, Maharashtra",https://in.indeed.com/rc/clk?jk=626ef76c9419585d&fccid=1c76c3a36f6c7557&vjs=3,Data Analyst
Allot,"Mumbai, Maharashtra+1 location",https://in.indeed.com/rc/clk?jk=787d9862a0188fe5&fccid=25cd8199964c13be&vjs=3,Data Analyst
Institutional Shareholder Services,"Remote in Mumbai, Maharashtra",https://in.indeed.com/rc/clk?jk=1a61c544f4b6ffc8&fccid=c15e58c229888ed7&vjs=3,Data Analyst
HDFC Bank,"Mumbai, Maharashtra",https://in.indeed.com/rc/clk?jk=bfbf8d70e9790c61&fccid=a6fab41a2a4262c5&vjs=3,Data Analyst
"JPMorgan Chase Bank, N.A.","Mumbai, Maharashtra",https://in.indeed.com/rc/clk?jk=bc5d4df385a9ba78&fccid=aaf3b433897ea465&vjs=3,Data Analyst
Deutsche Bank,"Mumbai, Maharashtra",https://in.indeed.com/rc/clk?jk=0b6acf305cb5818d&fccid=f1d8e147024abb3f&vjs=3,Data Analyst
MSCI Inc,"Mumbai, Maharashtra",https://in.indeed.com/rc/clk?jk=b15fb2bc43de5397&fccid=c1f583e22ebf0f6e&vjs=3,Data Analyst
Standard Chartered,"Mumbai, Maharashtra",https://in.indeed.com/rc/clk?jk=1a44280f983cd0fe&fccid=5249cd8e17163cb5&vjs=3,Data Analyst
"Jefferies & Company, Inc.","Mumbai, Maharashtra",https://in.indeed.com/rc/clk?jk=1ea649ee9bd40cf0&fccid=0140e51652b12787&vjs=3,Data Analyst
Institutional Shareholder Services,"Mumbai, Maharashtra",https://in.indeed.com/rc/clk?jk=a9cbadffb3d416ca&fccid=c15e58c229888ed7&vjs=3,Data Analyst
Accenture,"Mumbai, Maharashtra",https://in.indeed.com/rc/clk?jk=2068df95cec28d2d&fccid=a4e4e2eaf26690c9&vjs=3,Data Analyst
FLEXILOANS TECHNOLOGIES,"Mumbai, Maharashtra",https://in.indeed.com/rc/clk?jk=9e4fa3020b693b49&fccid=519da7c2f7f8bd3c&vjs=3,Data Analyst
Arin Consultancy,"Fort, Mumbai, Maharashtra",https://in.indeed.com/rc/clk?jk=79a421789d27d108&fccid=1c0817f1741aa23b&vjs=3,Data Analyst
BlackRock,"Mumbai, Maharashtra",https://in.indeed.com/rc/clk?jk=29e18ceb172b2708&fccid=58c732f14833248a&vjs=3,Data Analyst
Azentio Software,"Mumbai, Maharashtra",https://in.indeed.com/rc/clk?jk=4bfcd064f101a9ca&fccid=805272955617773b&vjs=3,Data Analyst
BridgeLoyalty,"Mumbai, Maharashtra",https://in.indeed.com/rc/clk?jk=89a31a876212cb62&fccid=8ec39a7487d00fe9&vjs=3,Data Analyst
Michael Page,"Mumbai, Maharashtra",https://in.indeed.com/rc/clk?jk=7f4bc422976b9b7e&fccid=77087bd1709a8148&vjs=3,Data Analyst
MNK INFOTECH INC,"Mumbai, Maharashtra",https://in.indeed.com/company/MNK-Infotech/jobs/Senior-Business-Analyst-ec2b1457dc1ac350?fccid=ebc7a6f9be8ac8d0&vjs=3,Data Analyst
Accenture,"Mumbai, Maharashtra",https://in.indeed.com/rc/clk?jk=67b22a4bc7760b74&fccid=a4e4e2eaf26690c9&vjs=3,Data Analyst
Course5,"Mumbai, Maharashtra",https://in.indeed.com/rc/clk?jk=371187a0c23f8ab8&fccid=fb3bb17dd428d73a&vjs=3,Data Analyst
CarDekho,"Mumbai, Maharashtra",https://in.indeed.com/rc/clk?jk=52d2f069eea1b71f&fccid=b77d84178e8665e5&vjs=3,Data Analyst
Morningstar,"Mumbai, Maharashtra",https://in.indeed.com/rc/clk?jk=b9aee1a3989caccd&fccid=acfb0b086b8f975d&vjs=3,Data Analyst
Citi,"Mumbai, Maharashtra",https://in.indeed.com/rc/clk?jk=295a020e6076031a&fccid=5bcd1ef0a7f4fb99&vjs=3,Data Analyst
MSCI Inc,"Hybrid remote in Mumbai, Maharashtra",https://in.indeed.com/rc/clk?jk=1a2d6470b51f72a2&fccid=c1f583e22ebf0f6e&vjs=3,Data Analyst
"JPMorgan Chase Bank, N.A.","Mumbai, Maharashtra",https://in.indeed.com/rc/clk?jk=2642ccb015d634eb&fccid=aaf3b433897ea465&vjs=3,Data Analyst
Accenture,"Mumbai, Maharashtra",https://in.indeed.com/rc/clk?jk=003314a26e402f9a&fccid=a4e4e2eaf26690c9&vjs=3,Data Analyst
Kentech Group,"Remote in Mumbai, Maharashtra",https://in.indeed.com/rc/clk?jk=cf8e35fb4df79e5e&fccid=160e305533117eff&vjs=3,Data Analyst
B&B Analytics,"Mumbai, Maharashtra",https://in.indeed.com/rc/clk?jk=af5ab764da9648f2&fccid=bd820aa8da9544ed&vjs=3,Data Analyst
Morningstar,"Mumbai, Maharashtra",https://in.indeed.com/rc/clk?jk=81d9f890b14f46c7&fccid=acfb0b086b8f975d&vjs=3,Data Analyst
Morgan Stanley,"Mumbai, Maharashtra",https://in.indeed.com/rc/clk?jk=ee49b4baa55cc06f&fccid=0c39fb2c91742dcf&vjs=3,Data Analyst
UBS,"Mumbai, Maharashtra",https://in.indeed.com/rc/clk?jk=0cb17255149411ba&fccid=1c76c3a36f6c7557&vjs=3,Data Analyst
Barclays,"Mumbai, Maharashtra",https://in.indeed.com/rc/clk?jk=9854831246446aaa&fccid=057abf3fd357e717&vjs=3,Data Analyst
Colgate-Palmolive,"Mumbai, Maharashtra",https://in.indeed.com/rc/clk?jk=7b9faba537124b73&fccid=d9162e48c444e6e3&vjs=3,Data Analyst
Link Group,"Mumbai, Maharashtra",https://in.indeed.com/rc/clk?jk=683642373abc6e12&fccid=7ab5f4f72fdce966&vjs=3,Data Analyst
R3,"Mumbai, Maharashtra",https://in.indeed.com/rc/clk?jk=f26e8f986eb91362&fccid=46127a19d3e705b5&vjs=3,Data Analyst
"JPMorgan Chase Bank, N.A.","Mumbai, Maharashtra",https://in.indeed.com/rc/clk?jk=b463d6cf3c89c516&fccid=aaf3b433897ea465&vjs=3,Data Analyst
"JPMorgan Chase Bank, N.A.","Mumbai, Maharashtra",https://in.indeed.com/rc/clk?jk=e34768f0d0f48dde&fccid=aaf3b433897ea465&vjs=3,Data Analyst
iFAST Financial India,"Mumbai, Maharashtra",https://in.indeed.com/rc/clk?jk=b183bc26b7661a64&fccid=b2ee8da5a6029716&vjs=3,Data Analyst
Equity Data Science,"Mumbai, Maharashtra",https://in.indeed.com/rc/clk?jk=1f14e613926c1c5d&fccid=d51af6af938fd338&vjs=3,Data Analyst
Link Group,"Mumbai, Maharashtra",https://in.indeed.com/rc/clk?jk=ab7fcfea34a3d6ce&fccid=7ab5f4f72fdce966&vjs=3,Data Analyst
Institutional Shareholder Services,"Remote in Mumbai, Maharashtra",https://in.indeed.com/rc/clk?jk=1d14900b9fa4bc0b&fccid=c15e58c229888ed7&vjs=3,Data Analyst
ReLiva Physiotherapy & Rehab,"Mumbai, Maharashtra",https://in.indeed.com/company/Reliva-Physiotherapy-&-Rehab/jobs/Business-Analyst-aa0d264aff18a0e1?fccid=1d482ed5221e16d6&vjs=3,Data Analyst
Google,"Mumbai, Maharashtra",https://in.indeed.com/rc/clk?jk=02caf2df88792611&fccid=a5b4499d9e91a5c6&vjs=3,Data Analyst
Shoolin Services Group,"Navi Mumbai, Maharashtra",https://in.indeed.com/company/Shoolin-Services-Group/jobs/Business-Analyst-0ace0ca93444df4f?fccid=8e0e45591aab8144&vjs=3,Data Analyst
"JPMorgan Chase Bank, N.A.","Mumbai, Maharashtra",https://in.indeed.com/rc/clk?jk=2a9a977e0a3f5412&fccid=aaf3b433897ea465&vjs=3,Data Analyst
Keynote Research,"Mumbai, Maharashtra",https://in.indeed.com/rc/clk?jk=1499abf3e1688dc3&fccid=843409b6f118b4ec&vjs=3,Data Analyst
Citi,"Mumbai, Maharashtra",https://in.indeed.com/rc/clk?jk=856bf02e00f60bf9&fccid=5bcd1ef0a7f4fb99&vjs=3,Data Analyst
Network 18,"Mumbai, Maharashtra",https://in.indeed.com/rc/clk?jk=64c695b2511ce950&fccid=feaf9dcccb40e0ef&vjs=3,Data Analyst
talent-O-scope,"Mumbai, Maharashtra",https://in.indeed.com/rc/clk?jk=867f8996808ff6d7&fccid=23118b488b8ca83c&vjs=3,Data Analyst
Arin Consultancy,"Churchgate, Mumbai, Maharashtra",https://in.indeed.com/rc/clk?jk=d2905d6c5283047e&fccid=1c0817f1741aa23b&vjs=3,Data Analyst
"JPMorgan Chase Bank, N.A.","Mumbai, Maharashtra",https://in.indeed.com/rc/clk?jk=0c71bfdc8828b6e4&fccid=aaf3b433897ea465&vjs=3,Data Analyst
Barclays,"Mumbai, Maharashtra",https://in.indeed.com/rc/clk?jk=af2cb19b592219a4&fccid=057abf3fd357e717&vjs=3,Data Analyst
BNP Paribas,"Mumbai, Maharashtra",https://in.indeed.com/rc/clk?jk=49a148cf61d518c0&fccid=1392500f835bba92&vjs=3,Data Analyst
Morningstar,"Mumbai, Maharashtra",https://in.indeed.com/rc/clk?jk=5f6ed6eb9f89bfe8&fccid=acfb0b086b8f975d&vjs=3,Data Analyst
Accenture,"Mumbai, Maharashtra",https://in.indeed.com/rc/clk?jk=b6b2d49e10c1a25a&fccid=a4e4e2eaf26690c9&vjs=3,Data Analyst
EdIndia,"Mumbai, Maharashtra",https://in.indeed.com/rc/clk?jk=802c52e86c156146&fccid=a09457081fd49ed7&vjs=3,Data Analyst
Synergy Technology Services,"Mumbai, Maharashtra",https://in.indeed.com/rc/clk?jk=50c0181ae283d6be&fccid=5983d4ee8ecf6cee&vjs=3,Data Analyst
Greenwich Associates,"Mumbai, Maharashtra",https://in.indeed.com/rc/clk?jk=3ea3b9b7c7d3e342&fccid=b20562d29bb41adc&vjs=3,Data Analyst
"JPMorgan Chase Bank, N.A.","Mumbai, Maharashtra",https://in.indeed.com/rc/clk?jk=23d1deea65c6dcc1&fccid=aaf3b433897ea465&vjs=3,Data Analyst
Acme Services,"Mumbai, Maharashtra",https://in.indeed.com/rc/clk?jk=5df2e4067abde9b4&fccid=5bb70f6dd438d429&vjs=3,Data Analyst
WebEngage,"Temporarily Remote in Mumbai, Maharashtra",https://in.indeed.com/rc/clk?jk=7486b04487770152&fccid=cb054464c9b27798&vjs=3,Data Analyst
Ketto,"Mumbai, Maharashtra",https://in.indeed.com/rc/clk?jk=cc1e540c16fc5591&fccid=0ca5fb09be5db2e4&vjs=3,Data Analyst
"JPMorgan Chase Bank, N.A.","Mumbai, Maharashtra",https://in.indeed.com/rc/clk?jk=79a1762a0922ca54&fccid=aaf3b433897ea465&vjs=3,Data Analyst
DC Consultants,"Mumbai, Maharashtra",https://in.indeed.com/rc/clk?jk=5d9713d0b4b008b9&fccid=a7e47ee66fd9c51b&vjs=3,Data Analyst
Genpact,"Mumbai, Maharashtra",https://in.indeed.com/rc/clk?jk=7dc520b0f5ab8271&fccid=afe30394bfba1470&vjs=3,Data Analyst
Synergy plus business group consultant,"Mumbai, Maharashtra",https://in.indeed.com/company/Synergy-plus-business-group-consultant/jobs/Business-Analyst-4b81e2f9b21077f9?fccid=041e44b1f6a1a8f1&vjs=3,Data Analyst
Maersk,"Mumbai, Maharashtra",https://in.indeed.com/rc/clk?jk=8988403bc4c47980&fccid=14e7391c55beeb80&vjs=3,Data Analyst
PhonePe,"Temporarily Remote in Mumbai, Maharashtra",https://in.indeed.com/rc/clk?jk=2655746cb046afeb&fccid=9efe0489759405d1&vjs=3,Data Analyst
"JPMorgan Chase Bank, N.A.","Mumbai, Maharashtra",https://in.indeed.com/rc/clk?jk=5c0f5f8f7221fc73&fccid=aaf3b433897ea465&vjs=3,Data Analyst
Deloitte,"Mumbai, Maharashtra",https://in.indeed.com/rc/clk?jk=56870f743e7db95c&fccid=9e215d88a6b33622&vjs=3,Data Analyst
Eclerx,"Mumbai, Maharashtra",https://in.indeed.com/rc/clk?jk=a988fb79e1199932&fccid=e6a2604cd4491b02&vjs=3,Data Analyst
Accenture,"Mumbai, Maharashtra",https://in.indeed.com/rc/clk?jk=6a831a5b2b195eda&fccid=a4e4e2eaf26690c9&vjs=3,Data Analyst
M&G plc,"Mumbai, Maharashtra",https://in.indeed.com/rc/clk?jk=257657f1387fa4a1&fccid=046c9007b371673e&vjs=3,Data Analyst
"JPMorgan Chase Bank, N.A.","Mumbai, Maharashtra",https://in.indeed.com/rc/clk?jk=ecc4e8683ce3cc03&fccid=aaf3b433897ea465&vjs=3,Data Analyst
Brickwork Ratings,"Mumbai, Maharashtra",https://in.indeed.com/rc/clk?jk=d732aca5042f4d88&fccid=5bd95da751db4898&vjs=3,Data Analyst
General Mills,"Remote in Mumbai, Maharashtra",https://in.indeed.com/rc/clk?jk=96e17f1a1bbffb63&fccid=3bcf7eb192e678e4&vjs=3,Data Analyst
Kroll,"Mumbai, Maharashtra",https://in.indeed.com/rc/clk?jk=bf06fae20e91ad1f&fccid=2991547aff717aed&vjs=3,Data Analyst
Citi,"Mumbai, Maharashtra",https://in.indeed.com/rc/clk?jk=5c3c277e9879e98e&fccid=5bcd1ef0a7f4fb99&vjs=3,Data Analyst
Link Group,"Mumbai, Maharashtra",https://in.indeed.com/rc/clk?jk=e7a928be49496bb8&fccid=7ab5f4f72fdce966&vjs=3,Data Analyst
"JPMorgan Chase Bank, N.A.","Mumbai, Maharashtra",https://in.indeed.com/rc/clk?jk=e00fd3a7f2ef3905&fccid=aaf3b433897ea465&vjs=3,Data Analyst
ION,"Mumbai, Maharashtra",https://in.indeed.com/rc/clk?jk=1a735fe0357fcca8&fccid=363d27976f5fa667&vjs=3,Data Analyst
Deutsche Bank,"Mumbai, Maharashtra",https://in.indeed.com/rc/clk?jk=d1084810399c006b&fccid=f1d8e147024abb3f&vjs=3,Data Analyst
Eclerx,"Mumbai, Maharashtra",https://in.indeed.com/rc/clk?jk=5cfed3f27c44caf0&fccid=e6a2604cd4491b02&vjs=3,Data Analyst
Accenture,"Mumbai, Maharashtra",https://in.indeed.com/rc/clk?jk=db2a14b79f76044d&fccid=a4e4e2eaf26690c9&vjs=3,Data Analyst
TopGear Consultants,"Mumbai, Maharashtra",https://in.indeed.com/rc/clk?jk=3cfff108c7dd4909&fccid=9bbd9493aaf0dcff&vjs=3,Data Analyst
"JPMorgan Chase Bank, N.A.","Mumbai, Maharashtra",https://in.indeed.com/rc/clk?jk=1a99db33903d20bb&fccid=aaf3b433897ea465&vjs=3,Data Analyst
Citi,"Mumbai, Maharashtra",https://in.indeed.com/rc/clk?jk=c201af4359cef3b1&fccid=5bcd1ef0a7f4fb99&vjs=3,Data Analyst
Credit Suisse,"Mumbai, Maharashtra",https://in.indeed.com/rc/clk?jk=b41d90af46cdc5d7&fccid=e127f4594cdf24f4&vjs=3,Data Analyst
GXO Logistics,"Mumbai, Maharashtra",https://in.indeed.com/rc/clk?jk=56681fbaf7c6c45b&fccid=66530c16c7ccb793&vjs=3,Data Analyst
NAILBITER,"Hybrid remote in Mumbai, Maharashtra",https://in.indeed.com/rc/clk?jk=6268deec88d7f264&fccid=de9cd1d2754dfa75&vjs=3,Data Analyst
Bloom Energy,"Mumbai, Maharashtra",https://in.indeed.com/rc/clk?jk=1e9e1e8040e8b4e5&fccid=04ef0d72e1a71432&vjs=3,Data Analyst
Citi,"Mumbai, Maharashtra",https://in.indeed.com/rc/clk?jk=384fbc19c6e948b3&fccid=5bcd1ef0a7f4fb99&vjs=3,Data Analyst
Nielsen,"Mumbai, Maharashtra",https://in.indeed.com/rc/clk?jk=f5bcb1c46bcc5041&fccid=683f563b5cc25b70&vjs=3,Data Analyst
"JPMorgan Chase Bank, N.A.","Mumbai, Maharashtra",https://in.indeed.com/rc/clk?jk=ee0e716fbc794e07&fccid=aaf3b433897ea465&vjs=3,Data Analyst
Bloom Energy,"Mumbai, Maharashtra",https://in.indeed.com/rc/clk?jk=a9d2e44c38cc655d&fccid=04ef0d72e1a71432&vjs=3,Data Analyst
Citi,"Mumbai, Maharashtra",https://in.indeed.com/rc/clk?jk=e5a5379fdd816d3b&fccid=5bcd1ef0a7f4fb99&vjs=3,Data Analyst
Orange Business Services,"Mumbai, Maharashtra",https://in.indeed.com/rc/clk?jk=c3c8db93053bf82d&fccid=24d2bacb9e5b24ee&vjs=3,Data Analyst
Brambles Group,"Hybrid remote in Mumbai, Maharashtra",https://in.indeed.com/rc/clk?jk=4d72a04040bf5ba5&fccid=2cec2a0193a3674a&vjs=3,Data Analyst
Crisil,"Mumbai, Maharashtra",https://in.indeed.com/rc/clk?jk=46b13a052049ffc0&fccid=a16d9ed628a37fab&vjs=3,Data Analyst
IDFC FIRST Bank,"Mumbai, Maharashtra+1 location",https://in.indeed.com/rc/clk?jk=214d5353d6061670&fccid=c1340f0b335b9dd7&vjs=3,Data Analyst
Credit Suisse,"Mumbai, Maharashtra",https://in.indeed.com/rc/clk?jk=3a30dbdab89236a6&fccid=e127f4594cdf24f4&vjs=3,Data Analyst
Franklin Templeton Investments,"Mumbai, Maharashtra",https://in.indeed.com/rc/clk?jk=e46bd9e819580761&fccid=bde2032ae798a617&vjs=3,Data Analyst
Citi,"Mumbai, Maharashtra",https://in.indeed.com/rc/clk?jk=ca35176213f9cbd1&fccid=5bcd1ef0a7f4fb99&vjs=3,Data Analyst
NECSWS,"Mumbai, Maharashtra",https://in.indeed.com/rc/clk?jk=50ccd0a599d66d52&fccid=cd106fcc81f9985b&vjs=3,Data Analyst
Digitas,"Mumbai, Maharashtra",https://in.indeed.com/rc/clk?jk=9d680d7d8eef800f&fccid=274e15dee00b5237&vjs=3,Data Analyst
Greenwich Associates,"Mumbai, Maharashtra",https://in.indeed.com/rc/clk?jk=dff1a792b9e5c8ff&fccid=b20562d29bb41adc&vjs=3,Data Analyst
Citi,"Mumbai, Maharashtra",https://in.indeed.com/rc/clk?jk=19e2f30845efd874&fccid=5bcd1ef0a7f4fb99&vjs=3,Data Analyst
ICICI Prudential Life,"Mumbai, Maharashtra",https://in.indeed.com/rc/clk?jk=bfaf639523f328e7&fccid=254a090653692c9b&vjs=3,Data Analyst
Arin Consultancy,"Mumbai, Maharashtra",https://in.indeed.com/rc/clk?jk=d33954788e6cea08&fccid=1c0817f1741aa23b&vjs=3,Data Analyst
Suumaya Industries,"Mumbai, Maharashtra",https://in.indeed.com/rc/clk?jk=bc872eb6a5b7a827&fccid=ee1abdbc67c7d7d4&vjs=3,Data Analyst
NCDEX,"Mumbai, Maharashtra",https://in.indeed.com/rc/clk?jk=e826961745d771e8&fccid=8dcaba4922b94608&vjs=3,Data Analyst
"JPMorgan Chase Bank, N.A.","Mumbai, Maharashtra",https://in.indeed.com/rc/clk?jk=2363fcd87b5f07d2&fccid=aaf3b433897ea465&vjs=3,Data Analyst
Citi,"Mumbai, Maharashtra",https://in.indeed.com/rc/clk?jk=d715983c54c18c8d&fccid=5bcd1ef0a7f4fb99&vjs=3,Data Analyst
"JPMorgan Chase Bank, N.A.","Mumbai, Maharashtra",https://in.indeed.com/rc/clk?jk=218d7603943384c4&fccid=aaf3b433897ea465&vjs=3,Data Analyst
Wolters Kluwer,"Mumbai, Maharashtra",https://in.indeed.com/rc/clk?jk=9cea7a33b36c6be0&fccid=f46e2fd6ab3f5a72&vjs=3,Data Analyst
HDB Financial Services Limited,"Mumbai, Maharashtra",https://in.indeed.com/rc/clk?jk=d26e135c497ba442&fccid=ea13cb7bd8d166a5&vjs=3,Data Analyst
Accenture,"Mumbai, Maharashtra",https://in.indeed.com/rc/clk?jk=56dab910956af1f1&fccid=a4e4e2eaf26690c9&vjs=3,Data Analyst
Colgate-Palmolive,"Mumbai, Maharashtra",https://in.indeed.com/rc/clk?jk=157fc008e6d5b75b&fccid=d9162e48c444e6e3&vjs=3,Data Analyst
EY,"Mumbai, Maharashtra",https://in.indeed.com/rc/clk?jk=606ea78b4835811e&fccid=1544766d4c2915b0&vjs=3,Data Analyst
Colgate-Palmolive,"Mumbai, Maharashtra",https://in.indeed.com/rc/clk?jk=504cb113aff955e0&fccid=d9162e48c444e6e3&vjs=3,Data Analyst
Johnson & Johnson,"Mumbai, Maharashtra",https://in.indeed.com/rc/clk?jk=5cb03b61a474cb30&fccid=0bed8e17bc113980&vjs=3,Data Analyst
Dolat Capital,"Mumbai, Maharashtra",https://in.indeed.com/rc/clk?jk=df5b132f86ff7570&fccid=c3d81c8ef8e05946&vjs=3,Data Analyst
Morningstar,"Mumbai, Maharashtra",https://in.indeed.com/rc/clk?jk=614735d5e9655e47&fccid=acfb0b086b8f975d&vjs=3,Data Analyst
"JPMorgan Chase Bank, N.A.","Mumbai, Maharashtra",https://in.indeed.com/rc/clk?jk=417d0eed33a16f9c&fccid=aaf3b433897ea465&vjs=3,Data Analyst
Cedar Management Consulting,"Mumbai, Maharashtra",https://in.indeed.com/rc/clk?jk=35837e7f947a598c&fccid=26092ccd3a0234d4&vjs=3,Data Analyst
Antsglobe Technologies,"Navi Mumbai, Maharashtra",https://in.indeed.com/rc/clk?jk=959a7552ca8d189f&fccid=cd323ddb4836ba8c&vjs=3,Data Analyst
Expertrons,"Mumbai, Maharashtra",https://in.indeed.com/rc/clk?jk=b8c94f0dc16cbd75&fccid=8bdc3fdac62c3302&vjs=3,Data Analyst
Citi,"Mumbai, Maharashtra",https://in.indeed.com/rc/clk?jk=534719f94c480216&fccid=5bcd1ef0a7f4fb99&vjs=3,Data Analyst
CIEL HR Services,"Mumbai, Maharashtra",https://in.indeed.com/rc/clk?jk=17cc0428185c2b93&fccid=2b1e42f645eeaf1e&vjs=3,Data Analyst
Codifyd,"Mumbai, Maharashtra",https://in.indeed.com/rc/clk?jk=98f5397eac7193dd&fccid=71b49ff1ae39102c&vjs=3,Data Analyst
Graficali,"Mumbai, Maharashtra",https://in.indeed.com/rc/clk?jk=2f83d7e3a3ea72d7&fccid=f0fef3d0016823fd&vjs=3,Data Analyst
Google,"Mumbai, Maharashtra",https://in.indeed.com/rc/clk?jk=3880cca507349566&fccid=a5b4499d9e91a5c6&vjs=3,Data Analyst
NTT Ltd,"Mumbai, Maharashtra",https://in.indeed.com/rc/clk?jk=4cf85258f2394f47&fccid=906e0ed766138448&vjs=3,Data Analyst
Cerentral Consultants,"Mumbai, Maharashtra",https://in.indeed.com/rc/clk?jk=168c703cb36f3cb9&fccid=a18e9ef715db1bba&vjs=3,Data Analyst
Corporate Steps,"Mumbai, Maharashtra",https://in.indeed.com/company/Corporate-Steps/jobs/Business-Analyst-8328f9f151a8bf92?fccid=47fbf826fabd1417&vjs=3,Data Analyst
iRageCapital Advisory Private Limited,"Mumbai, Maharashtra",https://in.indeed.com/rc/clk?jk=c32b56e21e047ab6&fccid=7cacbf1ea47ee251&vjs=3,Data Analyst
Trafigura,"Mumbai, Maharashtra",https://in.indeed.com/rc/clk?jk=6def1cb04e83dce4&fccid=2e75f29e0007f5a0&vjs=3,Data Analyst
"Owens Asia, Inc..","Thane, Maharashtra","https://in.indeed.com/company/Owens-Asia,-Inc../jobs/Technical-Business-Analyst-feea8ecd81491637?fccid=b7d8ae54bc31eb1c&vjs=3",Data Analyst
Citi,"Mumbai, Maharashtra",https://in.indeed.com/rc/clk?jk=b20adb82ad7743b3&fccid=5bcd1ef0a7f4fb99&vjs=3,Data Analyst
"JPMorgan Chase Bank, N.A.","Mumbai, Maharashtra",https://in.indeed.com/rc/clk?jk=d25e636adcaf8ec4&fccid=aaf3b433897ea465&vjs=3,Data Analyst
Institutional Shareholder Services,"Remote in Mumbai, Maharashtra",https://in.indeed.com/rc/clk?jk=576ff3cdac8621d0&fccid=c15e58c229888ed7&vjs=3,Data Analyst
Millennium Organisation,"Mumbai, Maharashtra",https://in.indeed.com/rc/clk?jk=c0d2a0b8cffb7202&fccid=e960df4f93812d4f&vjs=3,Data Analyst
General Mills,"Remote in Mumbai, Maharashtra",https://in.indeed.com/rc/clk?jk=38898e41a05af520&fccid=3bcf7eb192e678e4&vjs=3,Data Analyst
Net Connect,"Mumbai, Maharashtra",https://in.indeed.com/rc/clk?jk=c80192b484fc4b9d&fccid=36556daa86adc821&vjs=3,Data Analyst
Genpact,"Mumbai, Maharashtra",https://in.indeed.com/rc/clk?jk=4b8398991708497d&fccid=afe30394bfba1470&vjs=3,Data Analyst
Bazaar 24×7,"Mumbai, Maharashtra",https://in.indeed.com/rc/clk?jk=0de0e4d2cc823a1b&fccid=dd616958bd9ddc12&vjs=3,Data Analyst
Tres Vista,"Mumbai, Maharashtra",https://in.indeed.com/rc/clk?jk=b633b6ebde2cc8ce&fccid=a41de2dead1419e9&vjs=3,Data Analyst
BD,"Mumbai, Maharashtra",https://in.indeed.com/rc/clk?jk=564b65fabd13874d&fccid=f33adcecbae03a00&vjs=3,Data Analyst
"Medpace, Inc.","Remote in Navi Mumbai, Maharashtra",https://in.indeed.com/rc/clk?jk=54faae059b54d001&fccid=dc86b41d5cdf3527&vjs=3,Data Analyst
Accenture,"Mumbai, Maharashtra",https://in.indeed.com/rc/clk?jk=0c6e1ab6778de7c5&fccid=a4e4e2eaf26690c9&vjs=3,Data Analyst
NEC Software Solutions (India),"Mumbai, Maharashtra",https://in.indeed.com/rc/clk?jk=5c812e9a75cc32c1&fccid=c66f46928c41e596&vjs=3,Data Analyst
Zeidler Legal Process Outsourcing,"Mumbai, Maharashtra",https://in.indeed.com/rc/clk?jk=59d6b3339743911b&fccid=76ad75e145ee73e8&vjs=3,Data Analyst
Nielsen,"Mumbai, Maharashtra",https://in.indeed.com/rc/clk?jk=4dec575ca78eb642&fccid=683f563b5cc25b70&vjs=3,Data Analyst
Quantiphi,"Mumbai, Maharashtra",https://in.indeed.com/rc/clk?jk=5975baab4d973310&fccid=1ae4b0fd2737468f&vjs=3,Data Analyst
Deutsche Bank,"Mumbai, Maharashtra",https://in.indeed.com/rc/clk?jk=fb43d305b26121b4&fccid=f1d8e147024abb3f&vjs=3,Data Analyst
ULJK Financial Services,"Mumbai, Maharashtra",https://in.indeed.com/rc/clk?jk=dce9387f0655a684&fccid=d310d808e2506298&vjs=3,Data Analyst
"JPMorgan Chase Bank, N.A.","Mumbai, Maharashtra",https://in.indeed.com/rc/clk?jk=9486640a70c88a3e&fccid=aaf3b433897ea465&vjs=3,Data Analyst
Deutsche Bank,"Mumbai, Maharashtra",https://in.indeed.com/rc/clk?jk=2710e2339c021e96&fccid=f1d8e147024abb3f&vjs=3,Data Analyst
BlackRock,"Mumbai, Maharashtra",https://in.indeed.com/rc/clk?jk=1f742647fd4f32d2&fccid=58c732f14833248a&vjs=3,Data Analyst
Avient,"Thane, Maharashtra",https://in.indeed.com/rc/clk?jk=3a47c230e49bdb2b&fccid=62e846a13660317d&vjs=3,Data Analyst
Zscaler,"Mumbai, Maharashtra",https://in.indeed.com/rc/clk?jk=c371ed03f459b6d3&fccid=b8ce556031512ca3&vjs=3,Data Analyst
Institutional Shareholder Services,"Remote in Mumbai, Maharashtra",https://in.indeed.com/rc/clk?jk=7a0133a73863c644&fccid=c15e58c229888ed7&vjs=3,Data Analyst
Fedbank Financial Services Limited,"Mumbai, Maharashtra",https://in.indeed.com/rc/clk?jk=c3e24f6bde5659c9&fccid=b79ad6f5645e2eb8&vjs=3,Data Analyst
Sciative Solutrions,"Navi Mumbai, Maharashtra",https://in.indeed.com/rc/clk?jk=7e58d45416102ba6&fccid=f87d9c88c898dc35&vjs=3,Data Analyst
Dolat Capital,"Mumbai, Maharashtra",https://in.indeed.com/rc/clk?jk=c67371ae64218991&fccid=c3d81c8ef8e05946&vjs=3,Data Analyst
M&G plc,"Mumbai, Maharashtra",https://in.indeed.com/rc/clk?jk=6a27a0a7233211b9&fccid=046c9007b371673e&vjs=3,Data Analyst
P.S International HR Consultants,"Mumbai, Maharashtra",https://in.indeed.com/rc/clk?jk=40ff751f9ae15b08&fccid=42acaf71765969ab&vjs=3,Data Analyst
Trafigura,"Mumbai, Maharashtra",https://in.indeed.com/rc/clk?jk=fa56975d672549dc&fccid=2e75f29e0007f5a0&vjs=3,Data Analyst
MMC Corporate,"Mumbai, Maharashtra",https://in.indeed.com/rc/clk?jk=ecb3f901ae8b81ed&fccid=d46039b952140fd4&vjs=3,Data Analyst
"JPMorgan Chase Bank, N.A.","Mumbai, Maharashtra",https://in.indeed.com/rc/clk?jk=ed7f6fc994049a07&fccid=aaf3b433897ea465&vjs=3,Data Analyst
Morningstar,"Mumbai, Maharashtra",https://in.indeed.com/rc/clk?jk=32f8781d7d7f5c49&fccid=acfb0b086b8f975d&vjs=3,Data Analyst
Citi,"Mumbai, Maharashtra",https://in.indeed.com/rc/clk?jk=13879406c908f4e8&fccid=5bcd1ef0a7f4fb99&vjs=3,Data Analyst
Nielsen,"Mumbai, Maharashtra",https://in.indeed.com/rc/clk?jk=abcfd9af01ba5aeb&fccid=683f563b5cc25b70&vjs=3,Data Analyst
Institutional Shareholder Services,"Mumbai, Maharashtra",https://in.indeed.com/rc/clk?jk=93dba09236b86447&fccid=c15e58c229888ed7&vjs=3,Data Analyst
Microland,"Mumbai, Maharashtra",https://in.indeed.com/rc/clk?jk=f9183dd4c53e06e4&fccid=6448b8d3f449169b&vjs=3,Data Analyst
Citi,"Mumbai, Maharashtra",https://in.indeed.com/rc/clk?jk=307e7aa24fda333d&fccid=5bcd1ef0a7f4fb99&vjs=3,Data Analyst
UBS,"Mumbai, Maharashtra",https://in.indeed.com/rc/clk?jk=6b59ad23824f79fc&fccid=1c76c3a36f6c7557&vjs=3,Data Analyst
Control Risks,"Mumbai, Maharashtra",https://in.indeed.com/rc/clk?jk=2b042b1559d195fd&fccid=70d9e1acfffe8a81&vjs=3,Data Analyst
REDMANGO ANALYTICS,"Navi Mumbai, Maharashtra",https://in.indeed.com/rc/clk?jk=59ef6e6576a20c60&fccid=a98773cd998c1e83&vjs=3,Data Analyst
LoanXpress,"Mumbai, Maharashtra",https://in.indeed.com/rc/clk?jk=55189707c1a5ec26&fccid=b6c4921dc41e0df5&vjs=3,Data Analyst
"JPMorgan Chase Bank, N.A.","Mumbai, Maharashtra",https://in.indeed.com/rc/clk?jk=4576f28c15c7867f&fccid=aaf3b433897ea465&vjs=3,Data Analyst
NEC Software Solutions (India),"Mumbai, Maharashtra",https://in.indeed.com/rc/clk?jk=3a991bcbca15f56c&fccid=c66f46928c41e596&vjs=3,Data Analyst
Wow jobs,"Mumbai, Maharashtra",https://in.indeed.com/company/Wow-jobs/jobs/Business-Analyst-6b6b3d0019caa871?fccid=47b46068c87ebeb5&vjs=3,Data Analyst
"JPMorgan Chase Bank, N.A.","Mumbai, Maharashtra",https://in.indeed.com/rc/clk?jk=a5c1280486ad73b7&fccid=aaf3b433897ea465&vjs=3,Data Analyst
East India Securities,"Mumbai, Maharashtra",https://in.indeed.com/rc/clk?jk=9e65f1c9b4b18ca5&fccid=ce80ed4e75722d68&vjs=3,Data Analyst
Talent Leads HR Solutions,"Mumbai, Maharashtra",https://in.indeed.com/rc/clk?jk=85d454236ba4ce3f&fccid=01e93d5078505c2e&vjs=3,Data Analyst
Citi,"Mumbai, Maharashtra",https://in.indeed.com/rc/clk?jk=14525c0aa6a953aa&fccid=5bcd1ef0a7f4fb99&vjs=3,Data Analyst
Institutional Shareholder Services,"Remote in Mumbai, Maharashtra",https://in.indeed.com/rc/clk?jk=d6061d45d4ed0325&fccid=c15e58c229888ed7&vjs=3,Data Analyst
Eclerx,"Mumbai, Maharashtra",https://in.indeed.com/rc/clk?jk=2b837e79dacc369d&fccid=e6a2604cd4491b02&vjs=3,Data Analyst
Digitas,"Mumbai, Maharashtra",https://in.indeed.com/rc/clk?jk=a5004cf45eb273cd&fccid=274e15dee00b5237&vjs=3,Data Analyst
Millennium Management LLC,"Mumbai, Maharashtra",https://in.indeed.com/rc/clk?jk=4cacc3c0f0c57afa&fccid=548e0909717a6ddf&vjs=3,Data Analyst
Deutsche Bank,"Mumbai, Maharashtra",https://in.indeed.com/rc/clk?jk=bf67bfd6d48d55c6&fccid=f1d8e147024abb3f&vjs=3,Data Analyst
Deutsche Bank,"Mumbai, Maharashtra",https://in.indeed.com/rc/clk?jk=bdfd0527ab41d22d&fccid=f1d8e147024abb3f&vjs=3,Data Analyst
Cedar Management Consulting,"Mumbai, Maharashtra",https://in.indeed.com/rc/clk?jk=c128b4af9d23a8a9&fccid=26092ccd3a0234d4&vjs=3,Data Analyst
Maersk,"Navi Mumbai, Maharashtra",https://in.indeed.com/rc/clk?jk=940c8a168db2f2f5&fccid=14e7391c55beeb80&vjs=3,Data Analyst
TransUnion,"Mumbai, Maharashtra",https://in.indeed.com/rc/clk?jk=28df024cee4e99d3&fccid=663ece44ae074b32&vjs=3,Data Analyst
Everestek,"Mumbai, Maharashtra",https://in.indeed.com/rc/clk?jk=51977bff4d7fe06a&fccid=349ed5d56505f6ff&vjs=3,Data Analyst
Unnati,"Mumbai, Maharashtra",https://in.indeed.com/rc/clk?jk=805aa9011b1a622b&fccid=4a4a351190f7f1cd&vjs=3,Data Analyst
Carbon Clean Solutions,"Mumbai, Maharashtra",https://in.indeed.com/rc/clk?jk=d815fe106d811d33&fccid=ffac7cd5900921ce&vjs=3,Data Analyst
MORE,"Mumbai, Maharashtra",https://in.indeed.com/rc/clk?jk=91c2cee7599a72d1&fccid=f5b9fc5e5ddba158&vjs=3,Data Analyst
Cedar Management Consulting,"Mumbai, Maharashtra",https://in.indeed.com/rc/clk?jk=b4ebc27c2b0a3fde&fccid=26092ccd3a0234d4&vjs=3,Data Analyst
Morningstar,"Mumbai, Maharashtra",https://in.indeed.com/rc/clk?jk=137b6758ecb2fde2&fccid=acfb0b086b8f975d&vjs=3,Data Analyst
"JPMorgan Chase Bank, N.A.","Mumbai, Maharashtra",https://in.indeed.com/rc/clk?jk=fa22c68d45f7a450&fccid=aaf3b433897ea465&vjs=3,Data Analyst
Eclerx,"Mumbai, Maharashtra",https://in.indeed.com/rc/clk?jk=2bf0d09910839b69&fccid=e6a2604cd4491b02&vjs=3,Data Analyst
General Mills,"Remote in Mumbai, Maharashtra",https://in.indeed.com/rc/clk?jk=55ade3a2a93a4ea0&fccid=3bcf7eb192e678e4&vjs=3,Data Analyst
HDFC Bank,"Mumbai, Maharashtra",https://in.indeed.com/rc/clk?jk=6fb3c6b0c1d6bbff&fccid=a6fab41a2a4262c5&vjs=3,Data Analyst
Citi,"Mumbai, Maharashtra",https://in.indeed.com/rc/clk?jk=88c3e469a3a38da9&fccid=5bcd1ef0a7f4fb99&vjs=3,Data Analyst
"JPMorgan Chase Bank, N.A.","Mumbai, Maharashtra",https://in.indeed.com/rc/clk?jk=e68733332e55dacc&fccid=aaf3b433897ea465&vjs=3,Data Analyst
Accenture,"Mumbai, Maharashtra",https://in.indeed.com/rc/clk?jk=f773e3a91b835752&fccid=a4e4e2eaf26690c9&vjs=3,Data Analyst
Adenza,"Mumbai, Maharashtra",https://in.indeed.com/rc/clk?jk=0ae5cd40d4f4dd2c&fccid=ebf103d621ba3c11&vjs=3,Data Analyst
Deutsche Bank,"Mumbai, Maharashtra",https://in.indeed.com/rc/clk?jk=c43ce2b770005a06&fccid=f1d8e147024abb3f&vjs=3,Data Analyst
HR Devi and Associates,"Mumbai, Maharashtra",https://in.indeed.com/rc/clk?jk=059dc167f9c25044&fccid=b34ea636f2b77053&vjs=3,Data Analyst
Bank of America,"Mumbai, Maharashtra",https://in.indeed.com/rc/clk?jk=719b0d58ec527a7a&fccid=5bd99dfa21c8a490&vjs=3,Data Analyst
Global Industrial,"Mumbai, Maharashtra",https://in.indeed.com/rc/clk?jk=d0018fee36d9743e&fccid=12ceb7af3aadea5c&vjs=3,Data Analyst
TransUnion,"Mumbai, Maharashtra",https://in.indeed.com/rc/clk?jk=f06a7a05bc9617a2&fccid=663ece44ae074b32&vjs=3,Data Analyst
Citi,"Mumbai, Maharashtra",https://in.indeed.com/rc/clk?jk=6940fec5b37f1894&fccid=5bcd1ef0a7f4fb99&vjs=3,Data Analyst
UBS,"Mumbai, Maharashtra",https://in.indeed.com/rc/clk?jk=3b1ffe3dce1c4c15&fccid=1c76c3a36f6c7557&vjs=3,Data Analyst
Eclerx,"Mumbai, Maharashtra",https://in.indeed.com/rc/clk?jk=7286de8be3d76681&fccid=e6a2604cd4491b02&vjs=3,Data Analyst
Bristlecone,"Mumbai, Maharashtra",https://in.indeed.com/rc/clk?jk=1413164bad2c6fbb&fccid=216c89cded62713c&vjs=3,Data Analyst
WRI India,"Mumbai, Maharashtra",https://in.indeed.com/rc/clk?jk=9c9b350180282350&fccid=1935823aa32012fa&vjs=3,Data Analyst
1POINT1 SOLUTIONS,"Navi Mumbai, Maharashtra",https://in.indeed.com/rc/clk?jk=46fb7d5dbeead32a&fccid=7c4587fca4fb877f&vjs=3,Data Analyst
BNP Paribas,"Mumbai, Maharashtra",https://in.indeed.com/rc/clk?jk=63f227353c3ad7a6&fccid=1392500f835bba92&vjs=3,Data Analyst
Accenture,"Mumbai, Maharashtra",https://in.indeed.com/rc/clk?jk=22defea4e858c1fc&fccid=a4e4e2eaf26690c9&vjs=3,Data Analyst
Eclerx,"Mumbai, Maharashtra",https://in.indeed.com/rc/clk?jk=f98a09bea29983c0&fccid=e6a2604cd4491b02&vjs=3,Data Analyst
RWS,"Mumbai, Maharashtra",https://in.indeed.com/rc/clk?jk=a46d79bb56ad5cd1&fccid=42902ed7252fb8a2&vjs=3,Data Analyst
Eclerx,"Mumbai, Maharashtra",https://in.indeed.com/rc/clk?jk=d3a6a7a0788e8acd&fccid=e6a2604cd4491b02&vjs=3,Data Analyst
Clariant,"Airoli, Navi Mumbai, Maharashtra",https://in.indeed.com/rc/clk?jk=e9a4790eeee0eda8&fccid=721030124be3382c&vjs=3,Data Analyst
HDFC Bank,"Mumbai, Maharashtra",https://in.indeed.com/rc/clk?jk=bd244fb2975c9bc5&fccid=a6fab41a2a4262c5&vjs=3,Data Analyst
"JPMorgan Chase Bank, N.A.","Mumbai, Maharashtra",https://in.indeed.com/rc/clk?jk=9f9c30caa77c84fd&fccid=aaf3b433897ea465&vjs=3,Data Analyst
MSCI Inc,"Mumbai, Maharashtra",https://in.indeed.com/rc/clk?jk=326b995a25b24c6c&fccid=c1f583e22ebf0f6e&vjs=3,Data Analyst
Bloom Energy,"Mumbai, Maharashtra",https://in.indeed.com/rc/clk?jk=d81e7a17070ae2ef&fccid=04ef0d72e1a71432&vjs=3,Data Analyst
UBS,"Mumbai, Maharashtra",https://in.indeed.com/rc/clk?jk=d448ecd6f9793676&fccid=1c76c3a36f6c7557&vjs=3,Data Analyst
"JPMorgan Chase Bank, N.A.","Mumbai, Maharashtra",https://in.indeed.com/rc/clk?jk=c58154911f267aa7&fccid=aaf3b433897ea465&vjs=3,Data Analyst
Citi,"Mumbai, Maharashtra",https://in.indeed.com/rc/clk?jk=e842c43f8cb189b3&fccid=5bcd1ef0a7f4fb99&vjs=3,Data Analyst
Zion HR Consultants,"Mumbai, Maharashtra",https://in.indeed.com/rc/clk?jk=c9e3fbb52c56a4b9&fccid=b0d5e96ea8ba70b8&vjs=3,Data Analyst
Clariant,"Airoli, Navi Mumbai, Maharashtra",https://in.indeed.com/rc/clk?jk=01bbdedc83b190cc&fccid=721030124be3382c&vjs=3,Data Analyst
Colgate-Palmolive,"Mumbai, Maharashtra",https://in.indeed.com/rc/clk?jk=f06e2ad6a7e44fa1&fccid=d9162e48c444e6e3&vjs=3,Data Analyst
Enlighta,"Navi Mumbai, Maharashtra",https://in.indeed.com/rc/clk?jk=378229613705d944&fccid=ad8c46c2f21556d8&vjs=3,Data Analyst
Ariston Partners Australia Pty Ltd,"Mumbai, Maharashtra",https://in.indeed.com/company/Ariston-Partners-Australia-Pty-Ltd/jobs/Credit-Risk-Business-Analyst-e7e6e62e1b5b19ab?fccid=7966dd129f5f2529&vjs=3,Data Analyst
Ormax Media,"Mumbai, Maharashtra",https://in.indeed.com/rc/clk?jk=76fd17be714c97a8&fccid=ce20a3df9df6a22f&vjs=3,Data Analyst
Citi,"Mumbai, Maharashtra",https://in.indeed.com/rc/clk?jk=c823dae35245316a&fccid=5bcd1ef0a7f4fb99&vjs=3,Data Analyst
HR Devi and Associates,"Mumbai, Maharashtra",https://in.indeed.com/rc/clk?jk=3b6d0c0251f33916&fccid=b34ea636f2b77053&vjs=3,Data Analyst
Accenture,"Mumbai, Maharashtra",https://in.indeed.com/rc/clk?jk=f6430dd3f14dff27&fccid=a4e4e2eaf26690c9&vjs=3,Data Analyst
Deutsche Bank,"Mumbai, Maharashtra",https://in.indeed.com/rc/clk?jk=35c0370d3fc1aac6&fccid=f1d8e147024abb3f&vjs=3,Data Analyst
Priceline.com,"Mumbai, Maharashtra",https://in.indeed.com/rc/clk?jk=7e5aa954a5b7c3f4&fccid=e3c82d82eecba317&vjs=3,Data Analyst
Deutsche Bank,"Mumbai, Maharashtra",https://in.indeed.com/rc/clk?jk=4feddc7382b2d707&fccid=f1d8e147024abb3f&vjs=3,Data Analyst
Accenture,"Mumbai, Maharashtra",https://in.indeed.com/rc/clk?jk=aa11543f3409a03c&fccid=a4e4e2eaf26690c9&vjs=3,Data Analyst
Mainstream Technologies,"Mumbai, Maharashtra",https://in.indeed.com/rc/clk?jk=1adb1a6535a280c0&fccid=a57595f774099736&vjs=3,Data Analyst
HDFC Bank,"Mumbai, Maharashtra",https://in.indeed.com/rc/clk?jk=25e15c7f36c23bcf&fccid=a6fab41a2a4262c5&vjs=3,Data Analyst
Versor Investments,"Mumbai, Maharashtra",https://in.indeed.com/rc/clk?jk=a1b53ae6e8f5d182&fccid=f8d2b548ae8c895a&vjs=3,Data Analyst
Bar Code India,"Mumbai, Maharashtra",https://in.indeed.com/rc/clk?jk=55f1ce1e0255f470&fccid=af896ac2e7e497a8&vjs=3,Data Analyst
Deutsche Bank,"Mumbai, Maharashtra",https://in.indeed.com/rc/clk?jk=1e8c1b1ee8c81c86&fccid=f1d8e147024abb3f&vjs=3,Data Analyst
Morgan Stanley,"Mumbai, Maharashtra",https://in.indeed.com/rc/clk?jk=72a59a12d1005a2f&fccid=0c39fb2c91742dcf&vjs=3,Data Analyst
Eclerx,"Mumbai, Maharashtra",https://in.indeed.com/rc/clk?jk=b977f69e7ec5beae&fccid=e6a2604cd4491b02&vjs=3,Data Analyst
"JPMorgan Chase Bank, N.A.","Mumbai, Maharashtra",https://in.indeed.com/rc/clk?jk=0ac1171fe9d163c1&fccid=aaf3b433897ea465&vjs=3,Data Analyst
Linedata Services,"Mumbai, Maharashtra",https://in.indeed.com/rc/clk?jk=2c32956b399d3dc0&fccid=5664e8dc498ca74b&vjs=3,Data Analyst
BNP Paribas,"Mumbai, Maharashtra",https://in.indeed.com/rc/clk?jk=97c4d2549250ee0d&fccid=1392500f835bba92&vjs=3,Data Analyst
Deutsche Bank,"Remote in Mumbai, Maharashtra",https://in.indeed.com/rc/clk?jk=d6eda7826e0d6218&fccid=f1d8e147024abb3f&vjs=3,Data Analyst
GXO Logistics,"Mumbai, Maharashtra",https://in.indeed.com/rc/clk?jk=9706ebb18164290a&fccid=66530c16c7ccb793&vjs=3,Data Analyst
Deutsche Bank,"Mumbai, Maharashtra",https://in.indeed.com/rc/clk?jk=741af4b5c16ff76e&fccid=f1d8e147024abb3f&vjs=3,Data Analyst
Citi,"Mumbai, Maharashtra",https://in.indeed.com/rc/clk?jk=0d9384f582cda517&fccid=5bcd1ef0a7f4fb99&vjs=3,Data Analyst
Diebold Nixdorf,"Mumbai, Maharashtra",https://in.indeed.com/rc/clk?jk=3e459aa01d08b6d8&fccid=2d7b3336dfa1c1f4&vjs=3,Data Analyst
Deutsche Bank,"Mumbai, Maharashtra",https://in.indeed.com/rc/clk?jk=0a5f1a451162dba4&fccid=f1d8e147024abb3f&vjs=3,Data Analyst
Accenture,"Mumbai, Maharashtra",https://in.indeed.com/rc/clk?jk=b02d08e3a36f8806&fccid=a4e4e2eaf26690c9&vjs=3,Data Analyst
ADSIPL - Maharashtra,"Mumbai, Maharashtra",https://in.indeed.com/rc/clk?jk=94704044b4913941&fccid=fe2d21eef233e94a&vjs=3,Data Analyst
Crisil,"Mumbai, Maharashtra",https://in.indeed.com/rc/clk?jk=04a6b78f3ae3d6ff&fccid=a16d9ed628a37fab&vjs=3,Data Analyst
Global Cloud Xchange,"Navi Mumbai, Maharashtra",https://in.indeed.com/rc/clk?jk=8d231049934381f1&fccid=3d05a92a54deab69&vjs=3,Data Analyst
Crisil,"Mumbai, Maharashtra",https://in.indeed.com/rc/clk?jk=7b0a73a35148d39b&fccid=a16d9ed628a37fab&vjs=3,Data Analyst
Greenwich Associates,"Mumbai, Maharashtra",https://in.indeed.com/rc/clk?jk=4a66efd6c9230cd7&fccid=b20562d29bb41adc&vjs=3,Data Analyst
Choice group,"Mumbai, Maharashtra",https://in.indeed.com/rc/clk?jk=0555f1d9e41ef9c7&fccid=18e3d9eb2dd4d273&vjs=3,Data Analyst
Eclerx,"Mumbai, Maharashtra",https://in.indeed.com/rc/clk?jk=20c4c2d24f1e883e&fccid=e6a2604cd4491b02&vjs=3,Data Analyst
BIG IT JOBS,"Mumbai, Maharashtra",https://in.indeed.com/rc/clk?jk=807dc3985e393a5c&fccid=bf03f340679e2b9b&vjs=3,Data Analyst
Franklin Templeton Investments,"Mumbai, Maharashtra",https://in.indeed.com/rc/clk?jk=74a970827083ff66&fccid=bde2032ae798a617&vjs=3,Data Analyst
"Fiserv, Inc.","Thane, Maharashtra",https://in.indeed.com/rc/clk?jk=7c832d22a329a1cd&fccid=1ea0475711674f3b&vjs=3,Data Analyst
Drip Capital,"Temporarily Remote in Mumbai, Maharashtra",https://in.indeed.com/rc/clk?jk=fa12ca44c80577e1&fccid=69c0c1c5fb7b1cf2&vjs=3,Data Analyst
BIG IT JOBS,"Mumbai, Maharashtra",https://in.indeed.com/rc/clk?jk=a4dcf89371fb9754&fccid=bf03f340679e2b9b&vjs=3,Data Analyst
General Mills,"Remote in Mumbai, Maharashtra",https://in.indeed.com/rc/clk?jk=565b2b12e2277421&fccid=3bcf7eb192e678e4&vjs=3,Data Analyst
Concentrix,"Thane, Maharashtra",https://in.indeed.com/rc/clk?jk=086e70c5db26fb05&fccid=773041d0d31c442a&vjs=3,Data Analyst
"JPMorgan Chase Bank, N.A.","Mumbai, Maharashtra",https://in.indeed.com/rc/clk?jk=7c1b909b5d60cf92&fccid=aaf3b433897ea465&vjs=3,Data Analyst
Citi,"Mumbai, Maharashtra",https://in.indeed.com/rc/clk?jk=0c61b98a294f3dfd&fccid=5bcd1ef0a7f4fb99&vjs=3,Data Analyst
TransUnion,"Mumbai, Maharashtra",https://in.indeed.com/rc/clk?jk=dfafa8dd86d7825f&fccid=663ece44ae074b32&vjs=3,Data Analyst
Deutsche Bank,"Mumbai, Maharashtra",https://in.indeed.com/rc/clk?jk=62059210fc465aaf&fccid=f1d8e147024abb3f&vjs=3,Data Analyst
Deutsche Bank,"Mumbai, Maharashtra",https://in.indeed.com/rc/clk?jk=b63d444a5252d21a&fccid=f1d8e147024abb3f&vjs=3,Data Analyst
PRATHAM Education,"Temporarily Remote in Mumbai, Maharashtra",https://in.indeed.com/rc/clk?jk=0ea4d65d0bc5eaab&fccid=a8958d9087b7b18c&vjs=3,Data Analyst
WorldQuant,"Mumbai, Maharashtra",https://in.indeed.com/rc/clk?jk=4a0847eef63ffe5f&fccid=08487f979320ebae&vjs=3,Data Analyst
PMAM Corporation,"Marol, Mumbai, Maharashtra",https://in.indeed.com/rc/clk?jk=0933835126efad82&fccid=7f3799d747f79912&vjs=3,Data Analyst
Rekrut India,"Mumbai, Maharashtra",https://in.indeed.com/rc/clk?jk=26938adfb9b046c4&fccid=b9b384e15cc77f8b&vjs=3,Data Analyst
Citi,"Mumbai, Maharashtra",https://in.indeed.com/rc/clk?jk=742d6a3f44eebbe3&fccid=5bcd1ef0a7f4fb99&vjs=3,Data Analyst
DC Consultants,"Navi Mumbai, Maharashtra",https://in.indeed.com/rc/clk?jk=33da781006a4e457&fccid=a7e47ee66fd9c51b&vjs=3,Data Analyst
"JPMorgan Chase Bank, N.A.","Mumbai, Maharashtra",https://in.indeed.com/rc/clk?jk=fc4f2100f2716e5e&fccid=aaf3b433897ea465&vjs=3,Data Analyst
Ambab,"Mumbai, Maharashtra",https://in.indeed.com/rc/clk?jk=aa904728cc00cbf0&fccid=c6bf9d739125dc16&vjs=3,Data Analyst
Women Entrepreneur Network,"Mumbai, Maharashtra",https://in.indeed.com/rc/clk?jk=51a09a3df7b9fe29&fccid=19172efe49cee0b2&vjs=3,Data Analyst
GXO Logistics,"Mumbai, Maharashtra",https://in.indeed.com/rc/clk?jk=6b77133750d5447e&fccid=66530c16c7ccb793&vjs=3,Data Analyst
Disprz,"Mumbai, Maharashtra",https://in.indeed.com/rc/clk?jk=58d7af15cda9f8b8&fccid=c8f741e71d32b091&vjs=3,Data Analyst
Saavn,"Mumbai, Maharashtra",https://in.indeed.com/rc/clk?jk=dcdd781c0045ab61&fccid=bb4a2038fb497521&vjs=3,Data Analyst
Ascentrik Research Pvt Ltd,"Ghansoli, Navi Mumbai, Maharashtra",https://in.indeed.com/company/Ascentrik-Research-Pvt-Ltd/jobs/Research-Analyst-b33a2758f62cce0a?fccid=40f3410a869195db&vjs=3,Data Analyst
Citi,"Mumbai, Maharashtra",https://in.indeed.com/rc/clk?jk=b220d36c93787075&fccid=5bcd1ef0a7f4fb99&vjs=3,Data Analyst
"JPMorgan Chase Bank, N.A.","Mumbai, Maharashtra",https://in.indeed.com/rc/clk?jk=06e6a35bede3d98a&fccid=aaf3b433897ea465&vjs=3,Data Analyst
Citi,"Mumbai, Maharashtra",https://in.indeed.com/rc/clk?jk=968c190f07b1290f&fccid=5bcd1ef0a7f4fb99&vjs=3,Data Analyst
Oil Field Instrumentation (India),"Mumbai, Maharashtra",https://in.indeed.com/rc/clk?jk=78448f20d821d8d4&fccid=c177d5744a4ea0dd&vjs=3,Data Analyst
Course5,"Mumbai, Maharashtra",https://in.indeed.com/rc/clk?jk=029add5e75a1fa01&fccid=fb3bb17dd428d73a&vjs=3,Data Analyst
Saavn,"Mumbai, Maharashtra",https://in.indeed.com/rc/clk?jk=29ffca3d1b4b2943&fccid=bb4a2038fb497521&vjs=3,Data Analyst
Eclerx,"Mumbai, Maharashtra",https://in.indeed.com/rc/clk?jk=e922fcbf48a59e67&fccid=e6a2604cd4491b02&vjs=3,Data Analyst
Citi,"Mumbai, Maharashtra",https://in.indeed.com/rc/clk?jk=e35292ed6c6056b8&fccid=5bcd1ef0a7f4fb99&vjs=3,Data Analyst
FENG GROUP,"Mumbai, Maharashtra",https://in.indeed.com/rc/clk?jk=5adb9d5492af40da&fccid=dd616958bd9ddc12&vjs=3,Data Analyst
"JPMorgan Chase Bank, N.A.","Mumbai, Maharashtra",https://in.indeed.com/rc/clk?jk=26d6308bd89a9b7f&fccid=aaf3b433897ea465&vjs=3,Data Analyst
Inference Labs,"Mumbai, Maharashtra",https://in.indeed.com/rc/clk?jk=8adb5d60e4a36179&fccid=07f7ca87ab21d34c&vjs=3,Data Analyst
Eclerx,"Mumbai, Maharashtra",https://in.indeed.com/rc/clk?jk=2f82a263db7a3f8b&fccid=e6a2604cd4491b02&vjs=3,Data Analyst
Link Group,"Mumbai, Maharashtra",https://in.indeed.com/rc/clk?jk=9ebf28e5e4c8b7f6&fccid=7ab5f4f72fdce966&vjs=3,Data Analyst
Accenture,"Mumbai, Maharashtra",https://in.indeed.com/rc/clk?jk=42d555cf8a95f512&fccid=a4e4e2eaf26690c9&vjs=3,Data Analyst
Lubrizol,"Mumbai, Maharashtra",https://in.indeed.com/rc/clk?jk=3ebcc55a87fbfe5c&fccid=a6ecb44bea23e5cd&vjs=3,Data Analyst
Yogy HR Solutions,"Mumbai, Maharashtra",https://in.indeed.com/company/Yogy-Consultancy/jobs/Business-Analyst-94f65dd91e692515?fccid=18f6c2f52e855cd1&vjs=3,Data Analyst
Winsoft Technologies India,"Mumbai, Maharashtra",https://in.indeed.com/rc/clk?jk=ed010d066583fa42&fccid=1acf873792bb21fa&vjs=3,Data Analyst
Brickwork Ratings,"Mumbai, Maharashtra",https://in.indeed.com/rc/clk?jk=104124a7847082c9&fccid=5bd95da751db4898&vjs=3,Data Analyst
Eclerx,"Mumbai, Maharashtra",https://in.indeed.com/rc/clk?jk=379dacb293444ea4&fccid=e6a2604cd4491b02&vjs=3,Data Analyst
ICS Consultancy Services,"Mumbai, Maharashtra",https://in.indeed.com/rc/clk?jk=ece5c7df7a6bbb38&fccid=b1e0f66da5c9df23&vjs=3,Data Analyst
Citi,"Mumbai, Maharashtra",https://in.indeed.com/rc/clk?jk=b93dc61602e12b79&fccid=5bcd1ef0a7f4fb99&vjs=3,Data Analyst
Accenture,"Mumbai, Maharashtra",https://in.indeed.com/rc/clk?jk=6da18a2191d0c081&fccid=a4e4e2eaf26690c9&vjs=3,Data Analyst
Internet Brands,"Mumbai, Maharashtra",https://in.indeed.com/rc/clk?jk=1a3d6d83bceca2ae&fccid=4055a3edc92e3c66&vjs=3,Data Analyst
Ratnabhumi,"Mumbai, Maharashtra",https://in.indeed.com/rc/clk?jk=c81d10b7410e8374&fccid=a80e0c7bbe78465b&vjs=3,Data Analyst
Institutional Shareholder Services,"Remote in Mumbai, Maharashtra",https://in.indeed.com/rc/clk?jk=59947b72f36ab177&fccid=c15e58c229888ed7&vjs=3,Data Analyst
Advanced Technology Consulting Service (ATCS),"Mumbai, Maharashtra",https://in.indeed.com/rc/clk?jk=cd2e047618b22a21&fccid=56301517d698516a&vjs=3,Data Analyst
Citi,"Mumbai, Maharashtra",https://in.indeed.com/rc/clk?jk=4e8f1f36c9a2e39f&fccid=5bcd1ef0a7f4fb99&vjs=3,Data Analyst
Morningstar,"Mumbai, Maharashtra",https://in.indeed.com/rc/clk?jk=e44c44cf7879b01c&fccid=acfb0b086b8f975d&vjs=3,Data Analyst
Citi,"Mumbai, Maharashtra",https://in.indeed.com/rc/clk?jk=c8c07387a5c984d2&fccid=5bcd1ef0a7f4fb99&vjs=3,Data Analyst
,,,Data Analyst
